name,strength,form,brand_equivalents,condition,is_controlled,is_otc,price_30day,price_90day,price_per_unit,days_supply_raw,quantity_raw,source,source_type,includes_shipping
Abacavir/Lamivudine Tablet,600/300mg,Tablet,Epzicon,Antiviral / HIV,False,False,40.0,100.0,1.3333,,$40 for up to 30 tablets$30 for up to each additional 30 tablets,Rx Outreach,nonprofit_mail_order,True
Abiraterone Tablet,250mg,Tablet,Zytiga,Men's Health / Prostate Cancer,False,False,25.0,65.0,0.8333,,$50 for up to 60 tablets$20 for up to each additional 30 tablets,Rx Outreach,nonprofit_mail_order,True
Abiraterone Tablet,500mg,Tablet,Zytiga,Men's Health / Prostate Cancer,False,False,55.0,145.0,1.8333,,$55 for up to 30 tablets$45 for up to each additional 30 tablets,Rx Outreach,nonprofit_mail_order,True
Acamprosate Calcium DR Tablet,333mg,Tablet,Campral,Substance Use Disorder / Opioid Dependence,False,False,,45.0,,,$45 for up to 90 tablets,Rx Outreach,nonprofit_mail_order,True
Acetaminophen Extra Strength Tablet,500mg,Tablet,Tylenol | Extra Strength,Pain / Arthritis,False,True,12.0,,0.4,,$12 for a bottle of 100 tablets,Rx Outreach,nonprofit_mail_order,True
Acyclovir Capsule,200mg,Capsule,Zovirax,Antiviral / Cold Sores / Shingles / Herpes,False,False,10.0,15.0,0.3333,$10 for 30 days$15 for 90 days,,Rx Outreach,nonprofit_mail_order,True
Acyclovir Ointment,5%,Ointment,Zovirax,Antiviral / Cold Sores / Shingles / Herpes,False,False,20.0,,,,$20 per tube,Rx Outreach,nonprofit_mail_order,True
Acyclovir Tablet,400mg,Tablet,Zovirax,Antiviral / Cold Sores / Shingles / Herpes,False,False,10.0,15.0,0.3333,$10 for 30 days$15 for 90 days,,Rx Outreach,nonprofit_mail_order,True
Acyclovir Tablet,800mg,Tablet,Zovirax,Antiviral / Cold Sores / Shingles / Herpes,False,False,10.0,15.0,0.3333,$10 for 30 days$15 for 90 days,,Rx Outreach,nonprofit_mail_order,True
Adapalene Gel,0.3%,Gel,Differin,Acne / Skin,False,False,25.0,,,,$25 for 1 tube$15 for each additional tube,Rx Outreach,nonprofit_mail_order,True
Adapalene/Benzoyl Peroxide Topical Gel Pump,0.1/2.5%,Gel,Epiduo,Skin,False,False,25.0,,,,$25 for each pump,Rx Outreach,nonprofit_mail_order,True
Adapalene/Benzoyl Peroxide Topical Gel Pump,0.3/2.5%,Gel,Epiduo | Forte,Skin,False,False,30.0,,,,$30 for each pump$15 for each additional pump,Rx Outreach,nonprofit_mail_order,True
Albuterol Inhalation Solution 0.083%,0.083%/3mL,Inhalation Solution,Proventil | Ventolin,Asthma,False,False,6.0,,,,$15 for up to 75 vials,Rx Outreach,nonprofit_mail_order,True
Albuterol Sulfate HFA Inhaler,90mcg (200 inhalations),Inhaler,Proair HFA | Ventolin | Proventil HFA,Asthma,False,False,40.0,,,,$40 per inhaler,Rx Outreach,nonprofit_mail_order,True
Alclometasone Dipropionate Cream,0.05%,Cream,Aclovate,Eczema / Psoriasis / Itching / Skin Inflammation,False,False,15.0,,,,$15 per tube,Rx Outreach,nonprofit_mail_order,True
Alendronate Tablet,70mg (Once a week dosage),Tablet,Fosamax,Osteoporosis,False,False,,20.0,,$20 (limit 12) for 90 days,,Rx Outreach,nonprofit_mail_order,True
Alfuzosin ER Tablet,10mg,Tablet,Uroxatral,Men's Health / Prostate (BPH),False,False,10.0,15.0,0.3333,$10 for 30 days$15 for 90 days,,Rx Outreach,nonprofit_mail_order,True
Allopurinol Tablet,100mg,Tablet,Zyloprim | Aloprim,Gout,False,False,10.0,20.0,0.3333,$10 for 30 days$20 for 90 days,,Rx Outreach,nonprofit_mail_order,True
Allopurinol Tablet,300mg,Tablet,Zyloprim | Aloprim,Gout,False,False,10.0,20.0,0.3333,$10 for 30 days$20 for 90 days,,Rx Outreach,nonprofit_mail_order,True
Alprazolam Tablet,0.25mg,Tablet,Xanax | Niravam,Mental Health / Anxiety / Panic Disorder,True,False,,20.0,,,$20 for up to 90 tablets,Rx Outreach,nonprofit_mail_order,True
Alprazolam Tablet,0.5mg,Tablet,Xanax | Niravam,Mental Health / Anxiety / Panic Disorder,True,False,,20.0,,,$20 for up to 90 tablets,Rx Outreach,nonprofit_mail_order,True
Alprazolam Tablet,1mg,Tablet,Xanax | Niravam,Mental Health / Anxiety / Panic Disorder,True,False,,20.0,,,$20 for up to 90 tablets,Rx Outreach,nonprofit_mail_order,True
Alprazolam Tablet,2mg,Tablet,Xanax | Niravam,Mental Health / Anxiety / Panic Disorder,True,False,,20.0,,,$20 for up to 90 tablets,Rx Outreach,nonprofit_mail_order,True
Alprazolam XR Tablet,0.5mg,Tablet,Xanax XR | Niravam,Mental Health / Anxiety / Panic Disorder,False,False,16.0,35.0,0.5333,,$16 for up to 30 tablets$35 for up to 90 tablets,Rx Outreach,nonprofit_mail_order,True
Alprazolam XR Tablet,1mg,Tablet,Xanax XR | Niravam,Mental Health / Anxiety / Panic Disorder,False,False,16.0,35.0,0.5333,,$16 for up to 30 tablets$35 for up to 90 tablets,Rx Outreach,nonprofit_mail_order,True
Alprazolam XR Tablet,2mg,Tablet,Xanax XR | Niravam,Mental Health / Anxiety / Panic Disorder,False,False,21.0,40.0,0.7,,$21 for up to 30 tablets$40 for up to 90 tablets,Rx Outreach,nonprofit_mail_order,True
Alprazolam XR Tablet,3mg,Tablet,Xanax XR | Niravam,Mental Health / Anxiety / Panic Disorder,False,False,21.0,40.0,0.7,,$21 for up to 30 tablets$40 for up to 90 tablets,Rx Outreach,nonprofit_mail_order,True
Alyacen Tablet Pack,1mg/35mcg,Tablet,Ortho-Novum | Nortrel | Cyclafem | Necon,Women's Health / Birth Control / Contraceptive,False,False,8.33,25.0,0.2777,,$25 for up to 3 packs of 28 tablets,Rx Outreach,nonprofit_mail_order,True
Amantadine Tablet,100mg,Tablet,Symmetrel,Antiviral / Parkinson's,False,False,15.0,20.0,0.5,$15 for 30 days$20 for 90 days,,Rx Outreach,nonprofit_mail_order,True
Amiodarone Tablet,100mg,Tablet,Cordarone | Pacerone,Heart / Cardiovascular,False,False,12.0,25.0,0.4,$12 for 30 days$25 for 90 days,,Rx Outreach,nonprofit_mail_order,True
Amiodarone Tablet,200mg,Tablet,Cordarone | Pacerone,Heart / Cardiovascular,False,False,12.0,25.0,0.4,$12 for 30 days$25 for 90 days,,Rx Outreach,nonprofit_mail_order,True
Amiodarone Tablet,400mg,Tablet,Cordarone | Pacerone,Heart / Cardiovascular,False,False,12.0,25.0,0.4,$12 for 30 days$25 for 90 days,,Rx Outreach,nonprofit_mail_order,True
Amitriptyline Tablet,100mg,Tablet,Elavil,Mental Health / Depression,False,False,10.0,18.0,0.3333,$10 for 30 days$18 for 90 days,,Rx Outreach,nonprofit_mail_order,True
Amitriptyline Tablet,10mg,Tablet,Elavil,Mental Health / Depression,False,False,10.0,18.0,0.3333,$10 for 30 days$18 for 90 days,,Rx Outreach,nonprofit_mail_order,True
Amitriptyline Tablet,150mg,Tablet,Elavil,Mental Health / Depression,False,False,12.0,20.0,0.4,$12 for 30 days$20 for 90 days,,Rx Outreach,nonprofit_mail_order,True
Amitriptyline Tablet,25mg,Tablet,Elavil,Mental Health / Depression,False,False,10.0,18.0,0.3333,$10 for 30 days$18 for 90 days,,Rx Outreach,nonprofit_mail_order,True
Amitriptyline Tablet,50mg,Tablet,Elavil,Mental Health / Depression,False,False,10.0,18.0,0.3333,$10 for 30 days$18 for 90 days,,Rx Outreach,nonprofit_mail_order,True
Amitriptyline Tablet,75mg,Tablet,Elavil,Mental Health / Depression,False,False,10.0,18.0,0.3333,$10 for 30 days$18 for 90 days,,Rx Outreach,nonprofit_mail_order,True
Amlodipine Tablet,10mg,Tablet,Norvasc,Blood Pressure / Heart / Cardiovascular,False,False,12.0,22.0,0.4,$12 for 30 days$22 for 90 days,,Rx Outreach,nonprofit_mail_order,True
Amlodipine Tablet,2.5mg,Tablet,Norvasc,Blood Pressure / Heart / Cardiovascular,False,False,10.0,15.0,0.3333,$10 for 30 days$15 for 90 days,,Rx Outreach,nonprofit_mail_order,True
Amlodipine Tablet,5mg,Tablet,Norvasc,Blood Pressure / Heart / Cardiovascular,False,False,12.0,22.0,0.4,$12 for 30 days$22 for 90 days,,Rx Outreach,nonprofit_mail_order,True
Amlodipine/Benazepril Capsule,10/20mg,Capsule,Lotrel,Blood Pressure / Heart / Cardiovascular,False,False,12.0,22.0,0.4,,$12 for up to 30 capsules$5 for up to each additional 30 capsules,Rx Outreach,nonprofit_mail_order,True
Amlodipine/Benazepril Capsule,10/40mg,Capsule,Lotrel,Blood Pressure / Heart / Cardiovascular,False,False,12.0,22.0,0.4,,$12 for up to 30 capsules$5 for up to each additional 30 capsules,Rx Outreach,nonprofit_mail_order,True
Amlodipine/Benazepril Capsule,5/10mg,Capsule,Lotrel,Blood Pressure / Heart / Cardiovascular,False,False,12.0,22.0,0.4,,$12 for up to 30 capsules$5 for up to each additional 30 capsules,Rx Outreach,nonprofit_mail_order,True
Amlodipine/Benazepril Capsule,5/20mg,Capsule,Lotrel,Blood Pressure / Heart / Cardiovascular,False,False,12.0,22.0,0.4,,$12 for up to 30 capsules$5 for up to each additional 30 capsules,Rx Outreach,nonprofit_mail_order,True
Amlodipine/Olmesartan Tablet,10/20mg,Tablet,Azor,Blood Pressure / Heart / Cardiovascular,False,False,15.0,25.0,0.5,,$15 for up to 30 tablets$5 for up to each additional 30 tablets,Rx Outreach,nonprofit_mail_order,True
Amlodipine/Olmesartan Tablet,10/40mg,Tablet,Azor,Blood Pressure / Heart / Cardiovascular,False,False,15.0,25.0,0.5,,$15 for up to 30 tablets$5 for up to each additional 30 tablets,Rx Outreach,nonprofit_mail_order,True
Amlodipine/Olmesartan Tablet,5/20mg,Tablet,Azor,Blood Pressure / Heart / Cardiovascular,False,False,15.0,25.0,0.5,,$15 for up to 30 tablets$5 for up to each additional 30 tablets,Rx Outreach,nonprofit_mail_order,True
Amlodipine/Olmesartan Tablet,5/40mg,Tablet,Azor,Blood Pressure / Heart / Cardiovascular,False,False,15.0,25.0,0.5,,$15 for up to 30 tablets$5 for up to each additional 30 tablets,Rx Outreach,nonprofit_mail_order,True
Amlodipine/Valsartan Tablet,10/160mg,Tablet,Exforge,Blood Pressure / Heart / Cardiovascular,False,False,15.0,,0.5,,$15 for up to 30 tablets,Rx Outreach,nonprofit_mail_order,True
Amlodipine/Valsartan Tablet,10/320mg,Tablet,Exforge,Blood Pressure / Heart / Cardiovascular,False,False,15.0,,0.5,,$15 for up to 30 tablets,Rx Outreach,nonprofit_mail_order,True
Amlodipine/Valsartan Tablet,5/160mg,Tablet,Exforge,Blood Pressure / Heart / Cardiovascular,False,False,15.0,,0.5,,$15 for up to 30 tablets,Rx Outreach,nonprofit_mail_order,True
Amlodipine/Valsartan Tablet,5/320mg,Tablet,Exforge,Blood Pressure / Heart / Cardiovascular,False,False,20.0,50.0,0.6667,,$20 for up to 30 tablets$15 for up to each additional 30 tablets,Rx Outreach,nonprofit_mail_order,True
Ammonium Lactate LotionBottle,12%,Lotion,AmLactin | Lac-Hydrin,Eczema / Psoriasis / Itching / Skin Inflammation,False,True,30.0,,,,$30 per bottle,Rx Outreach,nonprofit_mail_order,True
Anastrozole Tablet,1mg,Tablet,Arimidex,Breast Cancer,False,False,14.0,30.0,0.4667,,$14 for up to 30 tablets$30 for up to 90 tablets,Rx Outreach,nonprofit_mail_order,True
Apri Tablet Pack,0.15mg/30mcg,Tablet,Desogen | Cyred | Isibloom | Reclipsen,Women's Health / Birth Control / Contraceptive,False,False,8.33,25.0,0.2777,,$25 for up to 3 packs of 28 tablets,Rx Outreach,nonprofit_mail_order,True
Aripiprazole Tablet,10mg,Tablet,Abilify,Mental Health / Depression / Schizophrenia / Bipolar Disorder,False,False,0.0,0.0,,,$0 for up to 90 daysSupported through a partnership for a limited time,Rx Outreach,nonprofit_mail_order,True
Aripiprazole Tablet,15mg,Tablet,Abilify,Mental Health / Depression / Schizophrenia / Bipolar Disorder,False,False,0.0,0.0,,,$0 for up to 90 daysSupported through a partnership for a limited time,Rx Outreach,nonprofit_mail_order,True
Aripiprazole Tablet,20mg,Tablet,Abilify,Mental Health / Depression / Schizophrenia / Bipolar Disorder,False,False,0.0,0.0,,,$0 for up to 90 daysSupported through a partnership for a limited time,Rx Outreach,nonprofit_mail_order,True
Aripiprazole Tablet,2mg,Tablet,Abilify,Mental Health / Depression / Schizophrenia / Bipolar Disorder,False,False,0.0,0.0,,,$0 for up to 90 daysSupported through a partnership for a limited time,Rx Outreach,nonprofit_mail_order,True
Aripiprazole Tablet,30mg,Tablet,Abilify,Mental Health / Depression / Schizophrenia / Bipolar Disorder,False,False,0.0,0.0,,,$0 for up to 90 daysSupported through a partnership for a limited time,Rx Outreach,nonprofit_mail_order,True
Aripiprazole Tablet,5mg,Tablet,Abilify,Mental Health / Depression / Schizophrenia / Bipolar Disorder,False,False,0.0,0.0,,,$0 for up to 90 daysSupported through a partnership for a limited time,Rx Outreach,nonprofit_mail_order,True
Armodafinil Tablet,150mg,Tablet,Nuvigil,Mental Health / Narcolepsy / Sleep Apnea,True,False,35.0,,1.1667,,$35 for up to 30 tablets,Rx Outreach,nonprofit_mail_order,True
Armodafinil Tablet,200mg,Tablet,Nuvigil,Mental Health / Narcolepsy / Sleep Apnea,True,False,35.0,,1.1667,,$35 for up to 30 tablets,Rx Outreach,nonprofit_mail_order,True
Armodafinil Tablet,250mg,Tablet,Nuvigil,Mental Health / Narcolepsy / Sleep Apnea,True,False,35.0,,1.1667,,$35 for up to 30 tablets,Rx Outreach,nonprofit_mail_order,True
Armodafinil Tablet,50mg,Tablet,Nuvigil,Mental Health / Narcolepsy / Sleep Apnea,True,False,25.0,,0.8333,,$25 for up to 30 tablets,Rx Outreach,nonprofit_mail_order,True
Aspirin EC Tablet,325mg (no prescription required),Tablet,Bufferin | Ecotrin,Fever / Pain / Arthritis,False,True,10.0,,0.3333,,$10 for a bottle of 100,Rx Outreach,nonprofit_mail_order,True
Aspirin EC Tablet,81mg (no prescription required),Tablet,Ecotrin,Blood Thinner / Heart / Cardiovascular,False,True,9.0,,0.3,,$9 for a bottle of 120,Rx Outreach,nonprofit_mail_order,True
Aspirin/Dipyridamole ER Capsule,25/200mg,Capsule,Aggrenox,Blood Thinner / Heart / Cardiovascular,False,False,20.0,,0.6667,,$40 for up to 60 capsules,Rx Outreach,nonprofit_mail_order,True
Atenolol Tablet,100mg,Tablet,Tenormin,Blood Pressure / Heart / Cardiovascular,False,False,8.0,10.0,0.2667,$8 for 30 days$10 for 90 days,,Rx Outreach,nonprofit_mail_order,True
Atenolol Tablet,25mg,Tablet,Tenormin,Blood Pressure / Heart / Cardiovascular,False,False,8.0,10.0,0.2667,$8 for 30 days$10 for 90 days,,Rx Outreach,nonprofit_mail_order,True
Atenolol Tablet,50mg,Tablet,Tenormin,Blood Pressure / Heart / Cardiovascular,False,False,8.0,10.0,0.2667,$8 for 30 days$10 for 90 days,,Rx Outreach,nonprofit_mail_order,True
Atenolol/Chlorthalidone Tablet,100/25mg,Tablet,Tenoretic,Blood Pressure / Fluid Retention / Cardiovascular,False,False,12.0,25.0,0.4,$12 for 30 days$25 for 90 days,,Rx Outreach,nonprofit_mail_order,True
Atenolol/Chlorthalidone Tablet,50/25mg,Tablet,Tenoretic,Blood Pressure / Fluid Retention / Cardiovascular,False,False,12.0,25.0,0.4,$12 for 30 days$25 for 90 days,,Rx Outreach,nonprofit_mail_order,True
Atomoxetine HCl Capsule,100mg,Capsule,Strattera,Mental Health / ADHD,False,False,20.0,40.0,0.6667,,$20 for up to 30 capsules$10 for up to each additional 30 capsules,Rx Outreach,nonprofit_mail_order,True
Atomoxetine HCl Capsule,10mg,Capsule,Strattera,Mental Health / ADHD,False,False,15.0,21.0,0.5,,$15 for up to 30 capsules$3 for up to each additional 30 capsules,Rx Outreach,nonprofit_mail_order,True
Atomoxetine HCl Capsule,18mg,Capsule,Strattera,Mental Health / ADHD,False,False,15.0,21.0,0.5,,$15 for up to 30 capsules$3 for up to each additional 30 capsules,Rx Outreach,nonprofit_mail_order,True
Atomoxetine HCl Capsule,25mg,Capsule,Strattera,Mental Health / ADHD,False,False,15.0,21.0,0.5,,$15 for up to 30 capsules$3 for up to each additional 30 capsules,Rx Outreach,nonprofit_mail_order,True
Atomoxetine HCl Capsule,40mg,Capsule,Strattera,Mental Health / ADHD,False,False,15.0,25.0,0.5,,$15 for up to 30 capsules$5 for up to each additional 30 capsules,Rx Outreach,nonprofit_mail_order,True
Atomoxetine HCl Capsule,60mg,Capsule,Strattera,Mental Health / ADHD,False,False,15.0,25.0,0.5,,$15 for up to 30 capsules$5 for up to each additional 30 capsules,Rx Outreach,nonprofit_mail_order,True
Atomoxetine HCl Capsule,80mg,Capsule,Strattera,Mental Health / ADHD,False,False,15.0,25.0,0.5,,$15 for up to 30 capsules$5 for up to each additional 30 capsules,Rx Outreach,nonprofit_mail_order,True
Atorvastatin Tablet,10mg,Tablet,Lipitor,Heart / Cholesterol,False,False,12.0,26.0,0.4,,$12 for up to 30 tablets$7 for up to each additional 30 tablets,Rx Outreach,nonprofit_mail_order,True
Atorvastatin Tablet,20mg,Tablet,Lipitor,Heart / Cholesterol,False,False,12.0,26.0,0.4,,$12 for up to 30 tablets$7 for up to each additional 30 tablets,Rx Outreach,nonprofit_mail_order,True
Atorvastatin Tablet,40mg,Tablet,Lipitor,Heart / Cholesterol,False,False,12.0,26.0,0.4,,$12 for up to 30 tablets$7 for up to each additional 30 tablets,Rx Outreach,nonprofit_mail_order,True
Atorvastatin Tablet,80mg,Tablet,Lipitor,Heart / Cholesterol,False,False,12.0,26.0,0.4,,$12 for up to 30 tablets$7 for up to each additional 30 tablets,Rx Outreach,nonprofit_mail_order,True
Azathioprine Tablet,50mg,Tablet,Imuran | Azasan,Immunosuppressant / Arthritis,False,False,12.0,20.0,0.4,$12 for 30 days$20 for 90 days,,Rx Outreach,nonprofit_mail_order,True
Azelaic Acid,15%,Other,Azelex | Finacea,Acne / Antiaging,False,False,25.0,,,,$25 for 1 tube$10 for each additional tube,Rx Outreach,nonprofit_mail_order,True
Azelastine Nasal Spray,137mcg,Nasal Spray,Astelin,Allergies,False,False,15.0,,,,$15 per nasal spray,Rx Outreach,nonprofit_mail_order,True
Baclofen Tablet,10mg,Tablet,Lioresal,Muscle Relaxer / Multiple Sclerosis,False,False,10.0,15.0,0.3333,$10 for 30 days$15 for 90 days,,Rx Outreach,nonprofit_mail_order,True
Baclofen Tablet,20mg,Tablet,Lioresal,Muscle Relaxer / Multiple Sclerosis,False,False,12.0,25.0,0.4,$12 for 30 days$25 for 90 days,,Rx Outreach,nonprofit_mail_order,True
Balsalazide Disodium Capsule,750mg,Capsule,Colazal | Giazo,Ulcerative Colitis,False,False,,40.0,,,$40 for up to 90 capsules,Rx Outreach,nonprofit_mail_order,True
Balziva® (Norethindrone/Ethinyl Estradiol) Tablet Pack,0.4/0.035mg,Tablet,Briellyn | Philith | Vyfemla | Zenchent,Women's Health / Birth Control / Contraceptive,False,False,14.0,20.0,0.4667,$14 for 30 days$20 for 90 days,,Rx Outreach,nonprofit_mail_order,True
Benazepril Tablet,10mg,Tablet,Lotensin,Blood Pressure / Heart / Cardiovascular,False,False,10.0,15.0,0.3333,$10 for 30 days$15 for 90 days,,Rx Outreach,nonprofit_mail_order,True
Benazepril Tablet,20mg,Tablet,Lotensin,Blood Pressure / Heart / Cardiovascular,False,False,10.0,15.0,0.3333,$10 for 30 days$15 for 90 days,,Rx Outreach,nonprofit_mail_order,True
Benazepril Tablet,40mg,Tablet,Lotensin,Blood Pressure / Heart / Cardiovascular,False,False,10.0,15.0,0.3333,$10 for 30 days$15 for 90 days,,Rx Outreach,nonprofit_mail_order,True
Benazepril Tablet,5mg,Tablet,Lotensin,Blood Pressure / Heart / Cardiovascular,False,False,10.0,15.0,0.3333,$10 for 30 days$15 for 90 days,,Rx Outreach,nonprofit_mail_order,True
Benazepril/HCTZ Tablet,10/12.5mg,Tablet,Lotensin HCT,Blood Pressure / Fluid Retention / Cardiovascular,False,False,14.0,20.0,0.4667,$14 for 30 days$20 for 90 days,,Rx Outreach,nonprofit_mail_order,True
Benazepril/HCTZ Tablet,20/12.5mg,Tablet,Lotensin HCT,Blood Pressure / Fluid Retention / Cardiovascular,False,False,14.0,20.0,0.4667,$14 for 30 days$20 for 90 days,,Rx Outreach,nonprofit_mail_order,True
Benazepril/HCTZ Tablet,20/25mg,Tablet,Lotensin HCT,Blood Pressure / Fluid Retention / Cardiovascular,False,False,14.0,25.0,0.4667,$14 for 30 days$25 for 90 days,,Rx Outreach,nonprofit_mail_order,True
Benazepril/HCTZ Tablet,5/6.25mg,Tablet,Lotensin HCT,Blood Pressure / Fluid Retention / Cardiovascular,False,False,25.0,40.0,0.8333,$25 for 30 days$40 for 90 days,,Rx Outreach,nonprofit_mail_order,True
Benzonatate Capsule,100mg,Capsule,Tessalon | Zonatuss,Cough,False,False,12.0,15.0,0.4,$12 for 30 days$15 for 90 days,,Rx Outreach,nonprofit_mail_order,True
Benzonatate Capsule,200mg,Capsule,Tessalon Perles,Cough,False,False,12.0,15.0,0.4,$12 for 30 days$15 for 90 days,,Rx Outreach,nonprofit_mail_order,True
Benzoyl Peroxide Gel,2.5%,Gel,Benzac AC,Acne / Skin,False,True,26.0,,,,$26 for 1 tube$15 for each additional tube,Rx Outreach,nonprofit_mail_order,True
Benztropine Tablet,0.5mg,Tablet,Cogentin,Parkinson's,False,False,12.0,20.0,0.4,$12 for 30 days$20 for 90 days,,Rx Outreach,nonprofit_mail_order,True
Benztropine Tablet,1mg,Tablet,Cogentin,Parkinson's,False,False,12.0,20.0,0.4,$12 for 30 days$20 for 90 days,,Rx Outreach,nonprofit_mail_order,True
Benztropine Tablet,2mg,Tablet,Cogentin,Parkinson's,False,False,12.0,20.0,0.4,$12 for 30 days$20 for 90 days,,Rx Outreach,nonprofit_mail_order,True
Betamethasone Dipropionate Cream  Augmented,0.05%,Cream,Diprolene | AF | Alphatrex | Diprosone | Del-Beta,Eczema / Psoriasis / Itching / Skin Inflammation,False,False,12.0,,,,$12 per tube,Rx Outreach,nonprofit_mail_order,True
Bethanechol Tablet,25mg,Tablet,Urecholine,Urinary,False,False,15.0,25.0,0.5,$15 for 30 days$25 for 90 days,,Rx Outreach,nonprofit_mail_order,True
Bethanechol Tablet,50mg,Tablet,Urecholine,Urinary,False,False,15.0,25.0,0.5,$15 for 30 days$25 for 90 days,,Rx Outreach,nonprofit_mail_order,True
Bethanechol Tablet,5mg,Tablet,Urecholine,Urinary,False,False,15.0,25.0,0.5,$15 for 30 days$25 for 90 days,,Rx Outreach,nonprofit_mail_order,True
Bicalutamide Tablet,50mg,Tablet,Casodex,Men's Health / Prostate Cancer,False,False,14.0,30.0,0.4667,$14 for 30 days$30 for 90 days,,Rx Outreach,nonprofit_mail_order,True
Bimatoprost Eye Drops,0.03%,Eye Drops,Lumigan,Glaucoma / Eye,False,False,35.0,,,,$35 per bottle,Rx Outreach,nonprofit_mail_order,True
Bimatoprost Eyelash Solution,0.03%,Solution,Latisse,Eye,False,False,65.0,,,,$65 per bottle,Rx Outreach,nonprofit_mail_order,True
Bisoprolol/HCTZ Tablet,10/6.25mg,Tablet,Ziac,Blood Pressure / Fluid Retention / Cardiovascular,False,False,11.0,16.0,0.3667,$11 for 30 days$16 for 90 days,,Rx Outreach,nonprofit_mail_order,True
Bisoprolol/HCTZ Tablet,2.5/6.25mg,Tablet,Ziac,Blood Pressure / Fluid Retention / Cardiovascular,False,False,11.0,16.0,0.3667,$11 for 30 days$16 for 90 days,,Rx Outreach,nonprofit_mail_order,True
Bisoprolol/HCTZ Tablet,5/6.25mg,Tablet,Ziac,Blood Pressure / Fluid Retention / Cardiovascular,False,False,11.0,16.0,0.3667,$11 for 30 days$16 for 90 days,,Rx Outreach,nonprofit_mail_order,True
Blood Glucose Monitor (Prodigy AutoCode™),,Monitor,,Diabetes,False,False,0.0,0.0,,,One Free Monitor Annually (no prescription required),Rx Outreach,nonprofit_mail_order,True
Blood Glucose Strips  No Coding (Prodigy®),Box of 50,Strips,,Diabetes,False,False,15.0,,,,$15 per box (no prescription required),Rx Outreach,nonprofit_mail_order,True
Brenzavvy® Tablet,20mg,Tablet,Bexagliflozin,Diabetes,False,False,55.0,,1.8333,,$55 for up to 30 tablets,Rx Outreach,nonprofit_mail_order,True
Brimonidine Tartrate Solution,0.2%/10ml dropper,Solution,,Glaucoma / Eye,False,False,15.0,,,,$15 per dropper,Rx Outreach,nonprofit_mail_order,True
Brimonidine-Timolol Eye Drops,0.2%/0.5%,Eye Drops,Combigan,Glaucoma / Eye,False,False,28.0,,,,$28 for one vial (5mL)$10 for each additional vial,Rx Outreach,nonprofit_mail_order,True
Brinzolamide Susp Eye Drops,1%,Eye Drops,Azopt,Glaucoma / Eye,False,False,55.0,,,,$55 per bottle,Rx Outreach,nonprofit_mail_order,True
Brivaracetam Tablet,100mg,Tablet,Briviact,Seizures / Epilepsy,True,False,25.0,,0.8333,,$50 for up to 60 tablets,Rx Outreach,nonprofit_mail_order,True
Brivaracetam Tablet,25mg,Tablet,Briviact,Seizures / Epilepsy,True,False,25.0,,0.8333,,$50 for up to 60 tablets,Rx Outreach,nonprofit_mail_order,True
Brivaracetam Tablet,50mg,Tablet,Briviact,Seizures / Epilepsy,True,False,25.0,,0.8333,,$50 for up to 60 tablets,Rx Outreach,nonprofit_mail_order,True
Bromocriptine Tablet,2.5mg,Tablet,Parlodel,High Prolactin / Parkinson's,False,False,30.0,,1.0,,$30 for up to 30 tablets,Rx Outreach,nonprofit_mail_order,True
Budesonide DR Capsule,3mg,Capsule,Entocort EC,Crohn's Disease,False,False,25.0,45.0,0.8333,,$25 for up to 30 capsules$10 for up to each additional 30 capsules,Rx Outreach,nonprofit_mail_order,True
Budesonide Inhalation Suspension,0.25mg/2mL,Inhalation Suspension,Pulmicort Respules,Asthma,False,False,25.0,,,,$25 for up to 10 vials,Rx Outreach,nonprofit_mail_order,True
Budesonide Inhalation Suspension,0.5mg/2mL,Inhalation Suspension,Pulmicort Respules,Asthma,False,False,25.0,,,,$25 for up to 10 vials,Rx Outreach,nonprofit_mail_order,True
Budesonide Nasal Spray OTC,8.6g/32mcg,Nasal Spray,Rhinocort | Allergy OTC,Allergies,False,False,22.0,,,,"$22 per bottle  (Minimum of 2 bottles, 120 sprays each)",Rx Outreach,nonprofit_mail_order,True
Budesonide/Formoterol Inhaler,160/4.5mcg,Inhaler,Symbicort,Asthma / COPD,False,False,160.0,,,,$160 per inhaler canister,Rx Outreach,nonprofit_mail_order,True
Budesonide/Formoterol Inhaler,80/4.5mcg,Inhaler,Symbicort,Asthma / COPD,False,False,145.0,,,,$145 per inhaler canister,Rx Outreach,nonprofit_mail_order,True
Bumetanide Tablet,0.5mg,Tablet,Bumex,Blood Pressure / Fluid Retention / Cardiovascular,False,False,13.0,15.0,0.4333,$13 for 30 days$15 for 90 days,,Rx Outreach,nonprofit_mail_order,True
Bumetanide Tablet,1mg,Tablet,Bumex,Blood Pressure / Fluid Retention / Cardiovascular,False,False,13.0,15.0,0.4333,$13 for 30 days$15 for 90 days,,Rx Outreach,nonprofit_mail_order,True
Bumetanide Tablet,2mg,Tablet,Bumex,Blood Pressure / Fluid Retention / Cardiovascular,False,False,15.0,21.0,0.5,$15 for 30 days$21 for 90 days,,Rx Outreach,nonprofit_mail_order,True
Buprenorphine/Naloxone SL Film,12/3mg,Film,Suboxone,Substance Use Disorder / Opioid Dependence,True,False,85.0,185.0,,,$85 for up to 30 films$50 for each additional 30 filmsFor opioid dependence treatment onlyTier II shipping included,Rx Outreach,nonprofit_mail_order,True
Buprenorphine/Naloxone SL Film,2/0.5mg,Film,Suboxone,Substance Use Disorder / Opioid Dependence,True,False,40.0,80.0,,,$40 for up to 30 films$20 for each additional 30 filmsFor opioid dependence treatment onlyTier II shipping included,Rx Outreach,nonprofit_mail_order,True
Buprenorphine/Naloxone SL Film,4/1mg,Film,Suboxone,Substance Use Disorder / Opioid Dependence,True,False,66.0,136.0,,,$40 for up to 14 films$66 for up to 30 films$35 for each additional 30 filmsFor opioid dependence treatment onlyTier II shipping included,Rx Outreach,nonprofit_mail_order,True
Buprenorphine/Naloxone SL Film,8/2mg,Film,Suboxone,Substance Use Disorder / Opioid Dependence,True,False,56.0,106.0,,,$35 for up to 14 films$56 for up to 30 films$25 for each additional 30 filmsFor opioid dependence treatment onlyTier II shipping included,Rx Outreach,nonprofit_mail_order,True
Buprenorphine/Naloxone SL Tablet,2/0.5mg,Tablet,Zubsolv | Suboxone,Substance Use Disorder / Opioid Dependence,True,False,35.0,65.0,1.1667,,$35 for up to 30 tablets$15 for each additional 30 tabletsFor opioid dependence treatment onlyTier II shipping included,Rx Outreach,nonprofit_mail_order,True
Buprenorphine/Naloxone SL Tablet,8/2mg,Tablet,Zubsolv | Suboxone,Substance Use Disorder / Opioid Dependence,True,False,37.0,77.0,1.2333,,$30 for up to 14 tablets$37 for up to 30 tablets$20 for each additional 30 tabletsFor opioid dependence treatment onlyTier II shipping included,Rx Outreach,nonprofit_mail_order,True
Bupropion HCL SR,100mg,Other,Wellbutrin SR,Mental Health / Depression / Smoking Cessation,False,False,12.0,15.0,,$12 for 30 days$15 for 90 days,,Rx Outreach,nonprofit_mail_order,True
Bupropion HCL SR,150mg,Other,Wellbutrin SR,Mental Health / Depression / Smoking Cessation,False,False,30.0,65.0,,$30 for 30 days$65 for 90 days,,Rx Outreach,nonprofit_mail_order,True
Bupropion HCL SR,200mg,Other,Wellbutrin SR,Mental Health / Depression / Smoking Cessation,False,False,12.0,15.0,,$12 for 30 days$15 for 90 days,,Rx Outreach,nonprofit_mail_order,True
Bupropion HCL Tablet,100mg,Tablet,Wellbutrin,Mental Health / Depression / Smoking Cessation,False,False,13.0,20.0,0.4333,$13 for 30 days$20 for 90 days,,Rx Outreach,nonprofit_mail_order,True
Bupropion HCL Tablet,75mg,Tablet,Wellbutrin,Mental Health / Depression / Smoking Cessation,False,False,13.0,20.0,0.4333,$13 for 30 days$20 for 90 days,,Rx Outreach,nonprofit_mail_order,True
Bupropion HCL XL,150mg,Other,Wellbutrin XL | Zyban,Mental Health / Depression / Smoking Cessation,False,False,,33.0,,,$33 for up to 90 tablets,Rx Outreach,nonprofit_mail_order,True
Bupropion HCL XL,300mg,Other,Wellbutrin XL | Zyban,Mental Health / Depression / Smoking Cessation,False,False,,45.0,,,$45 for up to 90 tablets,Rx Outreach,nonprofit_mail_order,True
Buspirone Tablet,10mg,Tablet,BuSpar,Mental Health / Anxiety,False,False,12.0,25.0,0.4,$12 for 30 days$25 for 90 days,,Rx Outreach,nonprofit_mail_order,True
Buspirone Tablet,15mg,Tablet,BuSpar,Mental Health / Anxiety,False,False,12.0,25.0,0.4,$12 for 30 days$25 for 90 days,,Rx Outreach,nonprofit_mail_order,True
Buspirone Tablet,30mg,Tablet,BuSpar,Mental Health / Anxiety,False,False,12.0,15.0,0.4,$12 for 30 days$15 for 90 days,,Rx Outreach,nonprofit_mail_order,True
Buspirone Tablet,5mg,Tablet,BuSpar,Mental Health / Anxiety,False,False,12.0,15.0,0.4,$12 for 30 days$15 for 90 days,,Rx Outreach,nonprofit_mail_order,True
Buspirone Tablet,7.5mg,Tablet,BuSpar,Mental Health / Anxiety,False,False,12.0,15.0,0.4,$12 for 30 days$15 for 90 days,,Rx Outreach,nonprofit_mail_order,True
Butalbital/Acetaminophen/Caffeine Tablet,50/325/40mg,Tablet,Fioricet,Migraines,True,False,20.0,30.0,0.6667,,$20 for up to 30 tablets$5 for each additional 30 tablets,Rx Outreach,nonprofit_mail_order,True
Calcitriol Capsule,0.25mcg,Capsule,Rocaltrol,Kidney (CRF) / Parathyroid / Low Calcium,False,False,13.0,,0.4333,,$13 for up to 30 capsules$3 for each additonal 30 Capsules,Rx Outreach,nonprofit_mail_order,True
Calcitriol Capsule,0.5mcg,Capsule,Rocaltrol,Kidney (CRF) / Parathyroid / Low Calcium,False,False,15.0,25.0,0.5,,$15 for up to 30 capsules$5 for each additional 30 tablets,Rx Outreach,nonprofit_mail_order,True
Calcium Acetate Capsule,667mg,Capsule,PhosLo | Gelcap,Kidney Disease,False,False,13.0,25.0,0.4333,,$13 for up to 30 capsules$25 for up to 90 capsules,Rx Outreach,nonprofit_mail_order,True
Candesartan Tablet,16mg,Tablet,Atacand,Blood Pressure / Heart / Cardiovascular,False,False,22.0,46.0,0.7333,,$22 for up to 30 tablets$12 for each additional 30 tablets,Rx Outreach,nonprofit_mail_order,True
Candesartan Tablet,32mg,Tablet,Atacand,Blood Pressure / Heart / Cardiovascular,False,False,22.0,46.0,0.7333,,$22 for up to 30 tablets$12 for each additional 30 tablets,Rx Outreach,nonprofit_mail_order,True
Candesartan Tablet,4mg,Tablet,Atacand,Blood Pressure / Heart / Cardiovascular,False,False,22.0,46.0,0.7333,,$22 for up to 30 tablets$12 for each additional 30 tablets,Rx Outreach,nonprofit_mail_order,True
Candesartan Tablet,8mg,Tablet,Atacand,Blood Pressure / Heart / Cardiovascular,False,False,22.0,46.0,0.7333,,$22 for up to 30 tablets$12 for each additional 30 tablets,Rx Outreach,nonprofit_mail_order,True
Candesartan/HCTZ Tablet,16/12.5mg,Tablet,Atacand HCT,Blood Pressure / Fluid Retention / Cardiovascular,False,False,22.0,46.0,0.7333,,$22 for up to 30 tablets$12 for each additional 30 tablets,Rx Outreach,nonprofit_mail_order,True
Candesartan/HCTZ Tablet,32/12.5mg,Tablet,Atacand HCT,Blood Pressure / Fluid Retention / Cardiovascular,False,False,22.0,46.0,0.7333,,$22 for up to 30 tablets$12 for each additional 30 tablets,Rx Outreach,nonprofit_mail_order,True
Candesartan/HCTZ Tablet,32/25mg,Tablet,Atacand HCT,Blood Pressure / Fluid Retention / Cardiovascular,False,False,25.0,55.0,0.8333,,$25 for up to 30 tablets$15 for each additional 30 tablets,Rx Outreach,nonprofit_mail_order,True
Capecitabine Tablet,150mg,Tablet,Xeloda,Breast Cancer / Colon Cancer,False,False,15.0,,0.5,,$15 for up to 28 tablets,Rx Outreach,nonprofit_mail_order,True
Capecitabine Tablet,500mg,Tablet,Xeloda,Breast Cancer / Colon Cancer,False,False,20.0,,0.6667,,$20 for up to 28 tablets,Rx Outreach,nonprofit_mail_order,True
Capsaicin Cream,0.025% (no prescription required),Cream,Zostrix,Pain / Arthritis,False,True,12.0,,,,$12 per tube,Rx Outreach,nonprofit_mail_order,True
Captopril Tablet,100mg,Tablet,Capoten,Blood Pressure / Heart / Cardiovascular,False,False,17.0,25.0,0.5667,,$17 for up to 30 tablets$25 for up to 90 tablets,Rx Outreach,nonprofit_mail_order,True
Captopril Tablet,12.5mg,Tablet,Capoten,Blood Pressure / Heart / Cardiovascular,False,False,15.0,20.0,0.5,,$15 for up to 30 tablets$20 for up to 90 tablets,Rx Outreach,nonprofit_mail_order,True
Captopril Tablet,25mg,Tablet,Capoten,Blood Pressure / Heart / Cardiovascular,False,False,15.0,20.0,0.5,,$15 for up to 30 tablets$20 for up to 90 tablets,Rx Outreach,nonprofit_mail_order,True
Captopril Tablet,50mg,Tablet,Capoten,Blood Pressure / Heart / Cardiovascular,False,False,15.0,20.0,0.5,,$15 for up to 30 tablets$20 for up to 90 tablets,Rx Outreach,nonprofit_mail_order,True
Carbamazepine ER Tablet,200mg,Tablet,Tegretol XR | Equetro,Seizures / Epilepsy,False,False,13.0,25.0,0.4333,,$13 for up to 30 tablets$25 for up to 90 tablets,Rx Outreach,nonprofit_mail_order,True
Carbamazepine ER Tablet,400mg,Tablet,Tegretol XR | Equetro,Seizures / Epilepsy,False,False,13.0,25.0,0.4333,,$13 for up to 30 tablets$25 for up to 90 tablets,Rx Outreach,nonprofit_mail_order,True
Carbamazepine Tablet,200mg,Tablet,Tegretol | Epitol,Seizures / Epilepsy,False,False,13.0,25.0,0.4333,,$13 for up to 30 tablets$25 for up to 90 tablets,Rx Outreach,nonprofit_mail_order,True
Carbidopa Tablet,25mg,Tablet,Lodosyn,Parkinson's,False,False,,40.0,,,$40 for up to 90 tablets,Rx Outreach,nonprofit_mail_order,True
Carbidopa/Levodopa ER Tablet,25/100mg,Tablet,Sinemet CR,Parkinson's,False,False,20.0,47.0,0.6667,$20 for 30 days$47 for 90 days,,Rx Outreach,nonprofit_mail_order,True
Carbidopa/Levodopa ER Tablet,50/200mg,Tablet,Sinemet CR,Parkinson's,False,False,12.0,17.0,0.4,$12 for 30 days$17 for 90 days,,Rx Outreach,nonprofit_mail_order,True
Carbidopa/Levodopa Tablet,10/100mg,Tablet,Sinemet | Parcopa,Parkinson's,False,False,12.0,17.0,0.4,$12 for 30 days$17 for 90 days,,Rx Outreach,nonprofit_mail_order,True
Carbidopa/Levodopa Tablet,25/100mg,Tablet,Sinemet | Parcopa,Parkinson's,False,False,12.0,17.0,0.4,$12 for 30 days$17 for 90 days,,Rx Outreach,nonprofit_mail_order,True
Carbidopa/Levodopa Tablet,25/250mg,Tablet,Sinemet | Parcopa,Parkinson's,False,False,12.0,45.0,0.4,$12 for 30 days$45 for 90 days,,Rx Outreach,nonprofit_mail_order,True
Carbidopa/Levodopa/Entacapone Tablet,12.5/50/200mg,Tablet,Stalevo,Parkinson's,False,False,15.0,,0.5,,$30 for up to 60 tablets,Rx Outreach,nonprofit_mail_order,True
Carbidopa/Levodopa/Entacapone Tablet,18.75/75/200mg,Tablet,Stalevo,Parkinson's,False,False,15.0,,0.5,,$30 for up to 60 tablets,Rx Outreach,nonprofit_mail_order,True
Carbidopa/Levodopa/Entacapone Tablet,25/100/200mg,Tablet,Stalevo,Parkinson's,False,False,15.0,,0.5,,$30 for up to 60 tablets,Rx Outreach,nonprofit_mail_order,True
Carbidopa/Levodopa/Entacapone Tablet,31.25/125/200mg,Tablet,Stalevo,Parkinson's,False,False,15.0,,0.5,,$30 for up to 60 tablets,Rx Outreach,nonprofit_mail_order,True
Carbidopa/Levodopa/Entacapone Tablet,37.5/150/200mg,Tablet,Stalevo,Parkinson's,False,False,15.0,,0.5,,$30 for up to 60 tablets,Rx Outreach,nonprofit_mail_order,True
Carbidopa/Levodopa/Entacapone Tablet,50/200/200mg,Tablet,Stalevo,Parkinson's,False,False,15.0,,0.5,,$30 for up to 60 tablets,Rx Outreach,nonprofit_mail_order,True
Carvedilol Tablet,12.5mg,Tablet,Coreg,Blood Pressure / Heart / Cardiovascular,False,False,10.0,20.0,0.3333,$10 for 30 days$20 for 90 days,,Rx Outreach,nonprofit_mail_order,True
Carvedilol Tablet,25mg,Tablet,Coreg,Blood Pressure / Heart / Cardiovascular,False,False,10.0,20.0,0.3333,$10 for 30 days$20 for 90 days,,Rx Outreach,nonprofit_mail_order,True
Carvedilol Tablet,3.125mg,Tablet,Coreg,Blood Pressure / Heart / Cardiovascular,False,False,10.0,20.0,0.3333,$10 for 30 days$20 for 90 days,,Rx Outreach,nonprofit_mail_order,True
Carvedilol Tablet,6.25mg,Tablet,Coreg,Blood Pressure / Heart / Cardiovascular,False,False,10.0,20.0,0.3333,$10 for 30 days$20 for 90 days,,Rx Outreach,nonprofit_mail_order,True
Cefpodoxime Tablet,100mg,Tablet,Vantin,Antibiotic,False,False,18.0,,0.6,,$18 for up to 7 tablets$5 for up to each additional 7 tablets,Rx Outreach,nonprofit_mail_order,True
Cefpodoxime Tablet,200mg,Tablet,Vantin,Antibiotic,False,False,20.0,,0.6667,,$20 for up to 7 tablets$10 for up to each additional 7 tablets,Rx Outreach,nonprofit_mail_order,True
Celecoxib Capsule,100mg,Capsule,Celebrex,Pain / Arthritis,False,False,15.0,20.0,0.5,$15 for 30 days$20 for 90 days,,Rx Outreach,nonprofit_mail_order,True
Celecoxib Capsule,200mg,Capsule,Celebrex,Pain / Arthritis,False,False,15.0,,0.5,,$15 for up to 30 capsules,Rx Outreach,nonprofit_mail_order,True
Celecoxib Capsule,400mg,Capsule,Celebrex,Pain / Arthritis,False,False,15.0,20.0,0.5,$15 for 30 days$20 for 90 days,,Rx Outreach,nonprofit_mail_order,True
Celecoxib Capsule,50mg,Capsule,Celebrex,Pain / Arthritis,False,False,15.0,20.0,0.5,$15 for 30 days$20 for 90 days,,Rx Outreach,nonprofit_mail_order,True
Cephalexin Capsule,500mg,Capsule,Keflex,Antibiotic,False,False,13.0,21.0,0.4333,,$13 for up to 30 capsules$4 for up to each additional 30 capsules,Rx Outreach,nonprofit_mail_order,True
Cetirizine HCl Tablet,10mg (no prescription required),Tablet,Zyrtec | OTC | Alleroff,Allergies,False,True,10.0,,0.3333,,$10 per bottle of 100 tablets (minimum purchase of $20 for 2 bottles),Rx Outreach,nonprofit_mail_order,True
Cevimeline HCl Capsule,30mg,Capsule,Evoxac,Dry Mouth,False,False,20.0,45.0,0.6667,$20 for 30 days$45 for 90 days,,Rx Outreach,nonprofit_mail_order,True
Chlordiazepoxide Capsule,10mg,Capsule,Librium,Mental Health / Anxiety / Alcohol Dependence,True,False,15.0,,0.5,,$15 for up to 180 capsules,Rx Outreach,nonprofit_mail_order,True
Chlordiazepoxide Capsule,25mg,Capsule,Librium,Mental Health / Anxiety / Alcohol Dependence,True,False,15.0,,0.5,,$15 for up to 180 capsules,Rx Outreach,nonprofit_mail_order,True
Chlordiazepoxide Capsule,5mg,Capsule,Librium,Mental Health / Anxiety / Alcohol Dependence,True,False,15.0,,0.5,,$15 for up to 180 capsules,Rx Outreach,nonprofit_mail_order,True
Chlorhexidine Gluconate Mouth Rinse Solutionbottle,0.12%,Solution,Peridex,Antiseptic,False,False,13.0,,,,$13 for each bottle$3 for each additional bottle,Rx Outreach,nonprofit_mail_order,True
Chlorpromazine HCL Tablet,100mg,Tablet,Thorazine,Mental Health / Schizophrenia / Bipolor Disorder / Anxiety / Nausea,False,False,14.0,21.0,0.4667,$14 for 30 days$21 for 90 days,,Rx Outreach,nonprofit_mail_order,True
Chlorpromazine HCL Tablet,10mg,Tablet,Thorazine,Mental Health / Schizophrenia / Bipolor Disorder / Anxiety / Nausea,False,False,14.0,21.0,0.4667,$14 for 30 days$21 for 90 days,,Rx Outreach,nonprofit_mail_order,True
Chlorpromazine HCL Tablet,200mg,Tablet,Thorazine,Mental Health / Schizophrenia / Bipolor Disorder / Anxiety / Nausea,False,False,14.0,21.0,0.4667,$14 for 30 days$21 for 90 days,,Rx Outreach,nonprofit_mail_order,True
Chlorpromazine HCL Tablet,25mg,Tablet,Thorazine,Mental Health / Schizophrenia / Bipolor Disorder / Anxiety / Nausea,False,False,14.0,21.0,0.4667,$14 for 30 days$21 for 90 days,,Rx Outreach,nonprofit_mail_order,True
Chlorpromazine HCL Tablet,50mg,Tablet,Thorazine,Mental Health / Schizophrenia / Bipolor Disorder / Anxiety / Nausea,False,False,14.0,21.0,0.4667,$14 for 30 days$21 for 90 days,,Rx Outreach,nonprofit_mail_order,True
Chlorthalidone Tablet,25mg,Tablet,Hygroton,Blood Pressure / Fluid Retention / Cardiovascular,False,False,13.0,16.0,0.4333,$13 for 30 days$16 for 90 days,,Rx Outreach,nonprofit_mail_order,True
Chlorthalidone Tablet,50mg,Tablet,Hygroton,Blood Pressure / Fluid Retention / Cardiovascular,False,False,13.0,16.0,0.4333,$13 for 30 days$16 for 90 days,,Rx Outreach,nonprofit_mail_order,True
Chlorzoxazone Tablet,500mg,Tablet,Parafon Forte | DSC | Lorzone | Parafon,Muscle Relaxer,False,False,14.0,25.0,0.4667,$14 for 30 days$25 for 90 days,,Rx Outreach,nonprofit_mail_order,True
Cholestyramine w/ Aspartame,4g/5.5g,Other,Prevalite | Questran,Cholesterol / Itching,False,False,15.0,,,,$15 for up to 30 packets,Rx Outreach,nonprofit_mail_order,True
Cholestyramine w/ Aspartame powder can (231g),4g/5.5g,Powder,Prevalite | Questran,Cholesterol / Itching,False,False,29.0,,,,$29 per can,Rx Outreach,nonprofit_mail_order,True
Cilostazol Tablet,100mg,Tablet,Pletal,Blood Circulation / Cardiovascular,False,False,14.0,20.0,0.4667,$14 for 30 days$20 for 90 days,,Rx Outreach,nonprofit_mail_order,True
Cilostazol Tablet,50mg,Tablet,Pletal,Blood Circulation / Cardiovascular,False,False,14.0,20.0,0.4667,$14 for 30 days$20 for 90 days,,Rx Outreach,nonprofit_mail_order,True
Ciprofloxacin HCL Tablet,250mg,Tablet,Cipro,Antibiotic,False,False,12.0,18.0,0.4,,$12 for up to 30 tablets$3 for up to each additional 30 tablets,Rx Outreach,nonprofit_mail_order,True
Ciprofloxacin HCL Tablet,500mg,Tablet,Cipro,Antibiotic,False,False,12.0,18.0,0.4,,$12 for up to 30 tablets$3 for up to each additional 30 tablets,Rx Outreach,nonprofit_mail_order,True
Ciprofloxacin HCL Tablet,750mg,Tablet,Cipro,Antibiotic,False,False,17.0,27.0,0.5667,,$17 for up to 30 tablets$5 for up to each additional 30 tablets,Rx Outreach,nonprofit_mail_order,True
Citalopram Tablet,10mg,Tablet,Celexa,Mental Health / Depression,False,False,12.0,15.0,0.4,$12 for 30 days$15 for 90 days,,Rx Outreach,nonprofit_mail_order,True
Citalopram Tablet,20mg,Tablet,Celexa,Mental Health / Depression,False,False,12.0,20.0,0.4,$12 for 30 days$20 for 90 days,,Rx Outreach,nonprofit_mail_order,True
Citalopram Tablet,40mg,Tablet,Celexa,Mental Health / Depression,False,False,12.0,15.0,0.4,$12 for 30 days$15 for 90 days,,Rx Outreach,nonprofit_mail_order,True
Clindamycin (Benzoyl Peroxide)Pump,1-5%,Pump,,Acne / Skin,False,False,35.0,,,,$35 for 1 pump$20 for each additional pump,Rx Outreach,nonprofit_mail_order,True
Clindamycin HCL Capsule,150mg,Capsule,Cleocin,Antibiotic,False,False,15.0,21.0,0.5,,$15 for up to 30 capsules$3 for up to each additional 30 capsules,Rx Outreach,nonprofit_mail_order,True
Clindamycin HCL Capsule,300mg,Capsule,Cleocin,Antibiotic,False,False,15.0,21.0,0.5,,$15 for up to 30 capsules$3 for up to each additional 30 capsules,Rx Outreach,nonprofit_mail_order,True
Clindamycin PH Gel,1%,Gel,Cleocin T,Acne / Skin,False,False,15.0,,,,$15 for 1 tube$5 for each additional tube,Rx Outreach,nonprofit_mail_order,True
Clindamycin Vaginal Cream,2%,Cream,Clindesse,Antibiotic,False,False,60.0,,,,$60 per tube,Rx Outreach,nonprofit_mail_order,True
Clobazam Tablet,10mg,Tablet,Onfi,Seizures / Epilepsy / Lennox-Gastaut syndrome (LGS),True,False,15.0,,0.5,,$15 for up to 30 tablets,Rx Outreach,nonprofit_mail_order,True
Clobazam Tablet,20mg,Tablet,Onfi,Seizures / Epilepsy / Lennox-Gastaut syndrome (LGS),True,False,20.0,,0.6667,,$20 for up to 30 tablets,Rx Outreach,nonprofit_mail_order,True
Clobetasol Cream 0.05%,30g,Cream,Temovate,Eczema / Psoriasis / Itching / Skin Inflammation,False,False,15.0,,,,$15 per tube,Rx Outreach,nonprofit_mail_order,True
Clomiphene Citrate Tablet,50mg,Tablet,Clomid,Ovulation,False,False,25.0,,0.8333,,$25 for up to 5 tablets,Rx Outreach,nonprofit_mail_order,True
Clomipramine Capsule,25mg,Capsule,Anafranil,Mental Health / OCD,False,False,15.0,20.0,0.5,$15 for 30 days$20 for 90 days,,Rx Outreach,nonprofit_mail_order,True
Clomipramine Capsule,50mg,Capsule,Anafranil,Mental Health / OCD,False,False,20.0,40.0,0.6667,$20 for 30 days$40 for 90 days,,Rx Outreach,nonprofit_mail_order,True
Clomipramine Capsule,75mg,Capsule,Anafranil,Mental Health / OCD,False,False,20.0,40.0,0.6667,$20 for 30 days$40 for 90 days,,Rx Outreach,nonprofit_mail_order,True
Clonazepam Tablet,0.5mg,Tablet,Klonopin,Seizures / Epilepsy / Panic Disorder,True,False,,9.0,,,$9 for up to 90 tablets,Rx Outreach,nonprofit_mail_order,True
Clonazepam Tablet,1mg,Tablet,Klonopin,Seizures / Epilepsy / Panic Disorder,True,False,,10.0,,,$10 for up to 90 tablets,Rx Outreach,nonprofit_mail_order,True
Clonazepam Tablet,2mg,Tablet,Klonopin,Seizures / Epilepsy / Panic Disorder,True,False,,10.0,,,$10 for up to 90 tablets,Rx Outreach,nonprofit_mail_order,True
Clonidine HCL Tablet,0.1mg,Tablet,Catapres,Blood Pressure / Heart / Cardiovascular,False,False,10.0,15.0,0.3333,$10 for 30 days$15 for 90 days,,Rx Outreach,nonprofit_mail_order,True
Clonidine HCL Tablet,0.2mg,Tablet,Catapres,Blood Pressure / Heart / Cardiovascular,False,False,10.0,15.0,0.3333,$10 for 30 days$15 for 90 days,,Rx Outreach,nonprofit_mail_order,True
Clonidine HCL Tablet,0.3mg,Tablet,Catapres,Blood Pressure / Heart / Cardiovascular,False,False,10.0,15.0,0.3333,$10 for 30 days$15 for 90 days,,Rx Outreach,nonprofit_mail_order,True
Clonidine Patch,0.3mg/day,Patch,Catapres-TTS | -3,Blood Pressure / Heart / Cardiovascular,False,False,45.0,,,,$45 per pack of 1,Rx Outreach,nonprofit_mail_order,True
Clopidogrel Tablet,75mg,Tablet,Plavix,Blood Thinner / Heart / Cardiovascular,False,False,10.0,22.0,0.3333,,$10 for up to 30 tablets$6 for up to each additional 30 tablets,Rx Outreach,nonprofit_mail_order,True
Clotrimazole/Betamethasone Cream,1%/0.05%,Cream,Lotrisone,Antifungal,False,False,15.0,,,,$15 per tube,Rx Outreach,nonprofit_mail_order,True
Clozapine Tablet,100mg,Tablet,Clozaril,Mental Health / Depression / Schizophrenia / Bipolar Disorder,False,False,18.0,,0.6,,$18 for up to 30 tablets,Rx Outreach,nonprofit_mail_order,True
Clozapine Tablet,25mg,Tablet,Clozaril,Mental Health / Depression / Schizophrenia / Bipolar Disorder,False,False,18.0,,0.6,,$18 for up to 30 tablets,Rx Outreach,nonprofit_mail_order,True
Clozapine Tablet,50mg,Tablet,Clozaril,Mental Health / Depression / Schizophrenia / Bipolar Disorder,False,False,18.0,,0.6,,$18 for up to 30 tablets,Rx Outreach,nonprofit_mail_order,True
Colchicine Tablet,0.6mg,Tablet,Colcrys | Mitigare,Gout,False,False,15.0,25.0,0.5,,$15 for up to 30 tablets$5 for up to each additional 30 tablets,Rx Outreach,nonprofit_mail_order,True
Colesevelam Tablet,625mg,Tablet,Welchol,Heart / Cholesterol / Diabetes,False,False,43.0,,1.4333,,$43 for up to 180 tablets,Rx Outreach,nonprofit_mail_order,True
Colestipol Micronized Tablet,1gm,Tablet,Colestid,Heart / Cholesterol,False,False,17.5,,0.5833,,$35 for up to 60 tablets,Rx Outreach,nonprofit_mail_order,True
Conjugated Estrogens Tablet,0.3mg,Tablet,Premarin,Women's Health / Hormones,False,False,150.0,,5.0,,$150 for up to 30 tablets,Rx Outreach,nonprofit_mail_order,True
Conjugated Estrogens Tablet,0.45mg,Tablet,Premarin,Women's Health / Hormones,False,False,150.0,,5.0,,$150 for up to 30 tablets,Rx Outreach,nonprofit_mail_order,True
Conjugated Estrogens Tablet,0.625mg,Tablet,Premarin,Women's Health / Hormones,False,False,150.0,,5.0,,$150 for up to 30 tablets,Rx Outreach,nonprofit_mail_order,True
Conjugated Estrogens Tablet,0.9mg,Tablet,Premarin,Women's Health / Hormones,False,False,150.0,,5.0,,$150 for up to 30 tablets,Rx Outreach,nonprofit_mail_order,True
Conjugated Estrogens Tablet,1.25mg,Tablet,Premarin,Women's Health / Hormones,False,False,150.0,,5.0,,$150 for up to 30 tablets,Rx Outreach,nonprofit_mail_order,True
Control Solution  low (Prodigy®),4mL,Solution,,Diabetes,False,False,5.0,,,,$5 per vial,Rx Outreach,nonprofit_mail_order,True
Cyclobenzaprine Tablet,10mg,Tablet,Flexeril,Muscle Relaxer,False,False,12.0,25.0,0.4,$12 for 30 days$25 for 90 days,,Rx Outreach,nonprofit_mail_order,True
Cyclobenzaprine Tablet,5mg,Tablet,Flexeril,Muscle Relaxer,False,False,12.0,15.0,0.4,$12 for 30 days$15 for 90 days,,Rx Outreach,nonprofit_mail_order,True
Cyclophosphamide Capsule,25mg,Capsule,Cytoxan,Cancer,False,False,30.0,80.0,1.0,,$30 for up to 30 capsules$25 for up to each additional 30 capsules,Rx Outreach,nonprofit_mail_order,True
Cyclophosphamide Capsule,50mg,Capsule,Cytoxan,Cancer,False,False,50.0,,1.6667,,$50 for up to 30 capusles$40 for up to each additional 30 capsules,Rx Outreach,nonprofit_mail_order,True
Cyclosporine Eye Drops,0.05%,Eye Drops,Restasis,Dry Eyes,False,False,35.0,,,,$70 per 60 vials,Rx Outreach,nonprofit_mail_order,True
Cyclosporine Modified Capsule,100mg,Capsule,Neoral | Gengraf,Immunosuppressant,False,False,30.0,66.0,1.0,,$60 for up to 60 capsules$18 for up to each additional 30 capsules,Rx Outreach,nonprofit_mail_order,True
Cyclosporine Modified Capsule,25mg,Capsule,Neoral | Gengraf,Immunosuppressant,False,False,17.5,37.5,0.5833,,$35 for up to 60 capsules$10 for up to each additional 30 capsules,Rx Outreach,nonprofit_mail_order,True
Cyclosporine Modified Capsule,50mg,Capsule,Neoral | Gengraf,Immunosuppressant,False,False,12.5,42.5,0.4167,,$25 for up to 60 capsules$15 for up to each additional 30 capsules,Rx Outreach,nonprofit_mail_order,True
Dabigatran Capsule,110mg,Capsule,Pradaxa,Heart / Cardiovascular,False,False,15.0,,0.5,,$30 for up to 60 capsules$15 for up to each additional 60 capsules,Rx Outreach,nonprofit_mail_order,True
Dabigatran Capsule,150mg,Capsule,Pradaxa,Heart / Cardiovascular,False,False,30.0,,1.0,,$60 for up to 60 capsules,Rx Outreach,nonprofit_mail_order,True
Dabigatran Capsule,75mg,Capsule,Pradaxa,Heart / Cardiovascular,False,False,15.0,,0.5,,$30 for up to 60 capsules$15 for up to each additional 60 capsules,Rx Outreach,nonprofit_mail_order,True
Dalfampridine ER Tablet,10mg,Tablet,Ampyra,Multiple Sclerosis,False,False,15.0,,0.5,,$30 for up to 60 tablets,Rx Outreach,nonprofit_mail_order,True
Danazol Capsules,100mg,Capsule,Danocrine,Endometriosis,False,False,30.0,90.0,1.0,,$60 for up to 60 capsules$30 for up to each additional 30 capsules,Rx Outreach,nonprofit_mail_order,True
Danazol Capsules,200mg,Capsule,Danocrine,Endometriosis,False,False,30.0,90.0,1.0,,$60 for up to 60 capsules$30 for up to each additional 30 capsules,Rx Outreach,nonprofit_mail_order,True
Dapagliflozin Tablet,10mg,Tablet,Farxiga,Diabetes,False,False,15.0,21.0,0.5,,$15 for up to 30 tablets$3 for up to each additional 30 tablets,Rx Outreach,nonprofit_mail_order,True
Dapagliflozin Tablet,5mg,Tablet,Farxiga,Diabetes,False,False,15.0,21.0,0.5,,$15 for up to 30 tablets$3 for up to each additional 30 tablets,Rx Outreach,nonprofit_mail_order,True
Dapagliflozin/Metformin ER Tablet,10/1000mg,Tablet,Xigduo XR,Diabetes,False,False,30.0,60.0,1.0,,$30 for up to 30 tablets$15 for up to each additional 30 tablets,Rx Outreach,nonprofit_mail_order,True
Dapagliflozin/Metformin ER Tablet,10/500mg,Tablet,Xigduo XR,Diabetes,False,False,30.0,60.0,1.0,,$30 for up to 30 tablets$15 for up to each additional 30 tablets,Rx Outreach,nonprofit_mail_order,True
Dapagliflozin/Metformin ER Tablet,5/1000mg,Tablet,Xigduo XR,Diabetes,False,False,15.0,,0.5,,$30 for up to 60 tablets$15 for up to each additional 60 tablets,Rx Outreach,nonprofit_mail_order,True
Dapagliflozin/Metformin ER Tablet,5/500mg,Tablet,Xigduo XR,Diabetes,False,False,30.0,60.0,1.0,,$30 for up to 30 tablets$15 for up to each additional 30 tablets,Rx Outreach,nonprofit_mail_order,True
Darifenacin ER Tablet,15mg,Tablet,Enablex,Urinary,False,False,17.0,29.0,0.5667,,$17 for up to 30 tablets$6 for up to each additional 30 tablets,Rx Outreach,nonprofit_mail_order,True
Darifenacin ER Tablet,7.5mg,Tablet,Enablex,Urinary,False,False,17.0,29.0,0.5667,,$17 for up to 30 tablets$6 for up to each additional 30 tablets,Rx Outreach,nonprofit_mail_order,True
Dasatinib Tablet,100mg,Tablet,Sprycel,Cancer,False,False,345.0,,11.5,,$345 for up to 30 tablets,Rx Outreach,nonprofit_mail_order,True
Dasatinib Tablet,140mg,Tablet,Sprycel,Cancer,False,False,345.0,,11.5,,$345 for up to 30 tablets,Rx Outreach,nonprofit_mail_order,True
Dasatinib Tablet,20mg,Tablet,Sprycel,Cancer,False,False,87.5,,2.9167,,$175 for up to 60 tablets,Rx Outreach,nonprofit_mail_order,True
Dasatinib Tablet,50mg,Tablet,Sprycel,Cancer,False,False,150.0,,5.0,,$300 for up to 60 tablets,Rx Outreach,nonprofit_mail_order,True
Dasatinib Tablet,70mg,Tablet,Sprycel,Cancer,False,False,150.0,,5.0,,$300 for up to 60 tablets,Rx Outreach,nonprofit_mail_order,True
Dasatinib Tablet,80mg,Tablet,Sprycel,Cancer,False,False,345.0,,11.5,,$345 for up to 30 tablets,Rx Outreach,nonprofit_mail_order,True
Desmopressin Acetate Tablet,0.1mg,Tablet,Ddavp,Urinary,False,False,20.0,40.0,0.6667,,$40 for up to 90 tablets$20 for up to 30 tablets,Rx Outreach,nonprofit_mail_order,True
Desmopressin Acetate Tablet,0.2mg,Tablet,Ddavp,Urinary,False,False,20.0,40.0,0.6667,,$40 for up to 90 tablets$20 for up to 30 tablets,Rx Outreach,nonprofit_mail_order,True
Desonide Ointment,0.05%,Ointment,Tridesilon,Eczema / Psoriasis / Itching / Skin Inflammation,False,False,20.0,,,,$20 per tube,Rx Outreach,nonprofit_mail_order,True
Desvenlafaxine Succ ER Tablet,100mg,Tablet,Pristiq,Mental Health / Depression,False,False,30.0,50.0,1.0,,$30 for up to 30 tablets$50 for up to 90 tablets,Rx Outreach,nonprofit_mail_order,True
Desvenlafaxine Succ ER Tablet,25mg,Tablet,Pristiq,Mental Health / Depression,False,False,25.0,45.0,0.8333,,$25 for up to 30 tablets$45 for up to 90 tablets,Rx Outreach,nonprofit_mail_order,True
Desvenlafaxine Succ ER Tablet,50mg,Tablet,Pristiq,Mental Health / Depression,False,False,30.0,50.0,1.0,,$30 for up to 30 tablets$50 for up to 90 tablets,Rx Outreach,nonprofit_mail_order,True
Dexamethasone Tablet,0.5mg,Tablet,Decadron,Immunosuppressant / Allergies / Asthma,False,False,10.0,20.0,0.3333,,$10 for up to 30 tablets$5 for up to each additional 30 tablets,Rx Outreach,nonprofit_mail_order,True
Dexamethasone Tablet,0.75mg,Tablet,Decadron,Immunosuppressant / Allergies / Asthma,False,False,10.0,20.0,0.3333,,$10 for up to 30 tablets$5 for up to each additional 30 tablets,Rx Outreach,nonprofit_mail_order,True
Dextroamphetamine Sulfate ER Capsule,10mg,Capsule,Dexedrine,Mental Health / ADHD / Narcolepsy,True,False,,,,,CURRENTLY UNAVAILABLE,Rx Outreach,nonprofit_mail_order,True
Dextroamphetamine Sulfate ER Capsule,15mg,Capsule,Dexedrine,Mental Health / ADHD / Narcolepsy,True,False,60.0,,2.0,,$60 for up to 30 capsules(30 day supply only),Rx Outreach,nonprofit_mail_order,True
Dextroamphetamine Sulfate ER Capsule,5mg,Capsule,Dexedrine,Mental Health / ADHD / Narcolepsy,True,False,,,,,CURRENTLY UNAVAILABLE,Rx Outreach,nonprofit_mail_order,True
Dextroamphetamine-Amphetamine ER Capsule,10mg,Capsule,Adderall | XR,Mental Health / ADHD,True,False,70.0,130.0,2.3333,,$70 for up to 30 capsules$30 for up to each additional 30 capsules(30-day supply only)Tier II shipping included,Rx Outreach,nonprofit_mail_order,True
Dextroamphetamine-Amphetamine ER Capsule,15mg,Capsule,Adderall | XR,Mental Health / ADHD,True,False,70.0,130.0,2.3333,,$70 for up to 30 capsules$30 for up to each additional 30 capsules(30-day supply only)Tier II shipping included,Rx Outreach,nonprofit_mail_order,True
Dextroamphetamine-Amphetamine ER Capsule,20mg,Capsule,Adderall | XR,Mental Health / ADHD,True,False,70.0,130.0,2.3333,,$70 for up to 30 capsules$30 for up to each additional 30 capsules(30-day supply only)Tier II shipping included,Rx Outreach,nonprofit_mail_order,True
Dextroamphetamine-Amphetamine ER Capsule,25mg,Capsule,Adderall | XR,Mental Health / ADHD,True,False,70.0,130.0,2.3333,,$70 for up to 30 capsules$30 for up to each additional 30 capsules(30-day supply only)Tier II shipping included,Rx Outreach,nonprofit_mail_order,True
Dextroamphetamine-Amphetamine ER Capsule,30mg,Capsule,Adderall | XR,Mental Health / ADHD,True,False,70.0,130.0,2.3333,,$70 for up to 30 capsules$30 for up to each additional 30 capsules(30-day supply only)Tier II shipping included,Rx Outreach,nonprofit_mail_order,True
Dextroamphetamine-Amphetamine ER Capsule,5mg,Capsule,Adderall | XR,Mental Health / ADHD,True,False,70.0,130.0,2.3333,,$70 for up to 30 capsules$30 for up to each additional 30 capsules(30-day supply only),Rx Outreach,nonprofit_mail_order,True
Dextroamphetamine-Amphetamine Tablet,10mg,Tablet,Adderall,Mental Health / ADHD,True,False,50.0,110.0,1.6667,,$50 for up to 30 tablets$30 for up to each additional 30 tablets(30-day supply only)Tier II shipping included,Rx Outreach,nonprofit_mail_order,True
Dextroamphetamine-Amphetamine Tablet,15mg,Tablet,Adderall,Mental Health / ADHD,True,False,50.0,110.0,1.6667,,$50 for up to 30 tablets$30 for up to each additional 30 tablets(30-day supply only)Tier II shipping included,Rx Outreach,nonprofit_mail_order,True
Dextroamphetamine-Amphetamine Tablet,20mg,Tablet,Adderall,Mental Health / ADHD,True,False,50.0,110.0,1.6667,,$50 for up to 30 tablets$30 for up to each additional 30 tablets(30-day supply only)Tier II shipping included,Rx Outreach,nonprofit_mail_order,True
Dextroamphetamine-Amphetamine Tablet,30mg,Tablet,Adderall,Mental Health / ADHD,True,False,50.0,110.0,1.6667,,$50 for up to 30 tablets$30 for up to each additional 30 tablets(30-day supply only)Tier II shipping included,Rx Outreach,nonprofit_mail_order,True
Dextroamphetamine-Amphetamine Tablet,5mg,Tablet,Adderall,Mental Health / ADHD,True,False,50.0,110.0,1.6667,,$50 for up to 30 tablets$30 for up to each additional 30 tablets(30-day supply only)Tier II shipping included,Rx Outreach,nonprofit_mail_order,True
Diazepam Tablet,10mg,Tablet,Valium,Mental Health / Anxiety / Alcohol Dependence / Seizures / Epilepsy,True,False,,8.0,,,$8 for up to 90 tablets,Rx Outreach,nonprofit_mail_order,True
Diazepam Tablet,2mg,Tablet,Valium,Mental Health / Anxiety / Alcohol Dependence / Seizures / Epilepsy,True,False,,8.0,,,$8 for up to 90 tablets,Rx Outreach,nonprofit_mail_order,True
Diazepam Tablet,5mg,Tablet,Valium,Mental Health / Anxiety / Alcohol Dependence / Seizures / Epilepsy,True,False,,8.0,,,$8 for up to 90 tablets,Rx Outreach,nonprofit_mail_order,True
Diclofenac Sodium EC Tablet,50mg,Tablet,Voltaren | Zorvolex,Pain / Arthritis,False,False,12.0,20.0,0.4,$12 for 30 days$20 for 90 days,,Rx Outreach,nonprofit_mail_order,True
Diclofenac Sodium EC Tablet,75mg,Tablet,Voltaren | Zorvolex,Pain / Arthritis,False,False,12.0,20.0,0.4,$12 for 30 days$20 for 90 days,,Rx Outreach,nonprofit_mail_order,True
Diclofenac Sodium ER Tablet,100mg,Tablet,Voltaren XR,Pain / Arthritis,False,False,25.0,50.0,0.8333,$25 for 30 days$50 for 90 days,,Rx Outreach,nonprofit_mail_order,True
Diclofenac Sodium Geltube,1%,Gel,Voltaren Gel,Pain,False,False,15.0,,,,$15 per tube,Rx Outreach,nonprofit_mail_order,True
Diclofenac/Misoprostol Tablet,50mg/200mcg,Tablet,Arthrotec,Arthritis,False,False,45.0,65.0,1.5,,$45 for up to 30 tablets$10 for up to each additional 30 tablets,Rx Outreach,nonprofit_mail_order,True
Diclofenac/Misoprostol Tablet,75mg/200mcg,Tablet,Arthrotec,Arthritis,False,False,45.0,65.0,1.5,,$45 for up to 30 tablets$10 for up to each additional 30 tablets,Rx Outreach,nonprofit_mail_order,True
Dicyclomine Capsule,10mg,Capsule,Bentyl,Irritable Bowel Syndrome,False,False,12.0,15.0,0.4,$12 for 30 days$15 for 90 days,,Rx Outreach,nonprofit_mail_order,True
Dicyclomine Tablet,20mg,Tablet,Bentyl,Irritable Bowel Syndrome,False,False,12.0,15.0,0.4,$12 for 30 days$15 for 90 days,,Rx Outreach,nonprofit_mail_order,True
Digoxin Tablet,0.125mg,Tablet,Lanoxin | Digitek,Heart / Cardiovascular,False,False,12.0,15.0,0.4,$12 for 30 days$15 for 90 days,,Rx Outreach,nonprofit_mail_order,True
Digoxin Tablet,0.25mg,Tablet,Lanoxin | Digitek,Heart / Cardiovascular,False,False,12.0,15.0,0.4,$12 for 30 days$15 for 90 days,,Rx Outreach,nonprofit_mail_order,True
Diltiazem ER Capsule (24hr) (Dilt-CD),360mg,Capsule,Tiazac | Cardizem CD | Dilacor XR,Blood Pressure / Heart / Cardiovascular,False,False,16.0,26.0,0.5333,,$16 for up to 30 capsules$5 for up to each additional 30 capsules,Rx Outreach,nonprofit_mail_order,True
Diltiazem ER Capsule (24hr) (Dilt-XR),120mg,Capsule,Dilacor XR | Cardizem CD | Cartia XT | Dilt-XR | Diltia XT,Blood Pressure / Heart / Cardiovascular,False,False,16.0,40.0,0.5333,,$40 for up to 90 capsules$16 for up to 30 capsules,Rx Outreach,nonprofit_mail_order,True
Diltiazem ER Capsule (24hr) (Dilt-XR),180mg,Capsule,Dilacor XR | Cardizem CD | Cartia XT | Dilt-XR | Diltia XT,Blood Pressure / Heart / Cardiovascular,False,False,18.0,40.0,0.6,,$18 for up to 30 capsules$40 for up to 90 capsules,Rx Outreach,nonprofit_mail_order,True
Diltiazem ER Capsule (24hr) (Dilt-XR),240mg,Capsule,Dilacor XR | Cardizem CD | Cartia XT | Dilt-XR | Diltia XT,Blood Pressure / Heart / Cardiovascular,False,False,18.0,40.0,0.6,,$18 for up to 30 capsules$40 for up to 90 capsules,Rx Outreach,nonprofit_mail_order,True
Diltiazem ER Capsule (Dilt-CD),120mg,Capsule,Cardizem CD | Dilacor XR | Cartia XT | Dilt-XR | Diltia XT,Blood Pressure / Heart / Cardiovascular,False,False,16.0,26.0,0.5333,,$16 for up to 30 capsules$5 for up to each additional 30 capsules,Rx Outreach,nonprofit_mail_order,True
Diltiazem ER Capsule (Dilt-CD),180mg,Capsule,Cardizem CD | Dilacor XR | Cartia XT | Dilt-XR | Diltia XT,Blood Pressure / Heart / Cardiovascular,False,False,16.0,26.0,0.5333,,$16 for up to 30 capsules$5 for up to each additional 30 capsules,Rx Outreach,nonprofit_mail_order,True
Diltiazem ER Capsule (Dilt-CD),240mg,Capsule,Cardizem CD | Dilacor XR | Cartia XT | Dilt-XR | Diltia XT,Blood Pressure / Heart / Cardiovascular,False,False,16.0,26.0,0.5333,,$16 for up to 30 capsules$5 for up to each additional 30 capsules,Rx Outreach,nonprofit_mail_order,True
Diltiazem ER Capsule (Dilt-CD),300mg,Capsule,Cardizem CD | Dilacor XR | Cartia XT | Dilt-XR | Diltia XT,Blood Pressure / Heart / Cardiovascular,False,False,16.0,26.0,0.5333,,$16 for up to 30 capsules$5 for up to each additional 30 capsules,Rx Outreach,nonprofit_mail_order,True
Dimethyl Fumarate DR Capsule,240mg,Capsule,Tecfidera,Multiple Sclerosis,False,False,25.0,45.0,0.8333,,$25 for up to 30 capsules$10 for up to each additional 30 capsules,Rx Outreach,nonprofit_mail_order,True
Diphenoxylate/Atropine Tablet,2.5/0.025mg,Tablet,Lomotil | Lonox,Diarrhea,True,False,25.0,,0.8333,,$25 for up to 120 tablets,Rx Outreach,nonprofit_mail_order,True
Divalproex NA DR Tablet,125mg,Tablet,Depakote,Seizures / Epilepsy,False,False,12.0,17.0,0.4,$12 for 30 days$17 for 90 days,,Rx Outreach,nonprofit_mail_order,True
Divalproex NA DR Tablet,250mg,Tablet,Depakote,Seizures / Epilepsy,False,False,12.0,17.0,0.4,$12 for 30 days$17 for 90 days,,Rx Outreach,nonprofit_mail_order,True
Divalproex NA DR Tablet,500mg,Tablet,Depakote,Seizures / Epilepsy,False,False,12.0,17.0,0.4,$12 for 30 days$17 for 90 days,,Rx Outreach,nonprofit_mail_order,True
Divalproex SOD ER Tablet,250mg,Tablet,Depakote ER,Seizures / Epilepsy,False,False,13.0,18.0,0.4333,$13 for 30 days$18 for 90 days,,Rx Outreach,nonprofit_mail_order,True
Divalproex SOD ER Tablet,500mg,Tablet,Depakote ER,Seizures / Epilepsy,False,False,13.0,18.0,0.4333,$13 for 30 days$18 for 90 days,,Rx Outreach,nonprofit_mail_order,True
Docusate Sodium Softgel,250mg (no prescription required),Gel,,Constipation,False,True,9.0,,,,$9 for a bottle of 100,Rx Outreach,nonprofit_mail_order,True
Dofetilide Capsule,125mcg,Capsule,Tikosyn,Heart / Cardiovascular,False,False,50.0,,1.6667,,$50 for up to 180 capsules,Rx Outreach,nonprofit_mail_order,True
Dofetilide Capsule,250mcg,Capsule,Tikosyn,Heart / Cardiovascular,False,False,50.0,,1.6667,,$50 for up to 180 capsules,Rx Outreach,nonprofit_mail_order,True
Dofetilide Capsule,500mcg,Capsule,Tikosyn,Heart / Cardiovascular,False,False,50.0,,1.6667,,$50 for up to 180 capsules,Rx Outreach,nonprofit_mail_order,True
Donepezil Tablet,10mg,Tablet,Aricept,Alzheimer's / Dementia,False,False,,15.0,,$15 for 90 days,,Rx Outreach,nonprofit_mail_order,True
Donepezil Tablet,23mg,Tablet,Aricept,Alzheimer's / Dementia,False,False,,45.0,,$45 for 90 days,,Rx Outreach,nonprofit_mail_order,True
Donepezil Tablet,5mg,Tablet,Aricept,Alzheimer's / Dementia,False,False,,15.0,,$15 for 90 days,,Rx Outreach,nonprofit_mail_order,True
Donnatal® Elixir Mint or Grape,16.2/0.1037/0.0194/0.0065mg,Elixir,,Irritable Bowel Syndrome,False,False,,,,,$48 for up to 120mL$13 for up to each additional 120mL,Rx Outreach,nonprofit_mail_order,True
Donnatal® Tablet,16.2/0.1037/0.0194/0.0065mg,Tablet,,Irritable Bowel Syndrome,False,False,,74.0,,,$74 for up to 90 tablets$12 for up to each additional 30 tablets,Rx Outreach,nonprofit_mail_order,True
Dorzolamide HCl Solutiondropper,2%,Solution,Trusopt,Glaucoma / Eye,False,False,15.0,,,,$15 per bottle,Rx Outreach,nonprofit_mail_order,True
Doxazosin Mesylate Tablet,1mg,Tablet,Cardura,Blood Pressure / Heart / Cardiovascular,False,False,12.0,15.0,0.4,,$12 for up to 30 tablets$15 for up to 90 tablets,Rx Outreach,nonprofit_mail_order,True
Doxazosin Mesylate Tablet,2mg,Tablet,Cardura,Blood Pressure / Heart / Cardiovascular,False,False,12.0,15.0,0.4,,$12 for up to 30 tablets$15 for up to 90 tablets,Rx Outreach,nonprofit_mail_order,True
Doxazosin Mesylate Tablet,4mg,Tablet,Cardura,Blood Pressure / Heart / Cardiovascular,False,False,12.0,15.0,0.4,,$12 for up to 30 tablets$15 for up to 90 tablets,Rx Outreach,nonprofit_mail_order,True
Doxazosin Mesylate Tablet,8mg,Tablet,Cardura,Blood Pressure / Heart / Cardiovascular,False,False,12.0,15.0,0.4,,$12 for up to 30 tablets$15 for up to 90 tablets,Rx Outreach,nonprofit_mail_order,True
Doxepin Capsule,100mg,Capsule,Sinequan,Mental Health / Depression / Insomnia,False,False,15.0,20.0,0.5,,$15 for up to 30 capsules$20 for up to 90 capsules,Rx Outreach,nonprofit_mail_order,True
Doxepin Capsule,10mg,Capsule,Sinequan,Mental Health / Depression / Insomnia,False,False,12.0,15.0,0.4,,$12 for up to 30 capsules$15 for up to 90 capsules,Rx Outreach,nonprofit_mail_order,True
Doxepin Capsule,25mg,Capsule,Sinequan,Mental Health / Depression / Insomnia,False,False,12.0,15.0,0.4,,$12 for up to 30 capsules$15 for up to 90 capsules,Rx Outreach,nonprofit_mail_order,True
Doxepin Capsule,50mg,Capsule,Sinequan,Mental Health / Depression / Insomnia,False,False,12.0,15.0,0.4,,$12 for up to 30 capsules$15 for up to 90 capsules,Rx Outreach,nonprofit_mail_order,True
Doxepin Capsule,75mg,Capsule,Sinequan,Mental Health / Depression / Insomnia,False,False,15.0,20.0,0.5,,$15 for up to 30 capsules$20 for up to 90 capsules,Rx Outreach,nonprofit_mail_order,True
Doxycycline Hyclate Capsule,100mg,Capsule,Vibramycin,Antibiotic,False,False,15.0,25.0,0.5,,$15 for up to 30 capsules$5 for up to each additional 30 capsules,Rx Outreach,nonprofit_mail_order,True
Doxycycline Hyclate Capsule,50mg,Capsule,Vibramycin,Antibiotic,False,False,10.0,20.0,0.3333,,$10 for up to 30 capsules$5 for up to each additional 30 capsules,Rx Outreach,nonprofit_mail_order,True
Drospirenone EE Tablet Pack,3mg/0.02mg,Tablet,Yaz | Jasmiel | Nikki | Gianvi,Women's Health / Birth Control / Contraceptive,False,False,6.67,20.0,0.2223,,$20 for up to 3 packs of 28 tablets,Rx Outreach,nonprofit_mail_order,True
Droxidopa Capsule,100mg,Capsule,Northera,Parkinson's,False,False,,45.0,,,$45 for up to 90 capsules,Rx Outreach,nonprofit_mail_order,True
Droxidopa Capsule,200mg,Capsule,Northera,Parkinson's,False,False,,65.0,,,$65 for up to 90 capsules,Rx Outreach,nonprofit_mail_order,True
Droxidopa Capsule,300mg,Capsule,Northera,Parkinson's,False,False,,90.0,,,$90 for up to 90 capsules,Rx Outreach,nonprofit_mail_order,True
Duloxetine HCL DR Capsule,20mg,Capsule,Cymbalta,Mental Health / Depression / Anxiety,False,False,12.0,15.0,0.4,,$12 for up to 30 capsules$15 for up to 90 capsules,Rx Outreach,nonprofit_mail_order,True
Duloxetine HCL DR Capsule,30mg,Capsule,Cymbalta,Mental Health / Depression / Anxiety,False,False,20.0,47.0,0.6667,$20 for 30 days$47 for 90 days,,Rx Outreach,nonprofit_mail_order,True
Duloxetine HCL DR Capsule,40mg,Capsule,Cymbalta,Mental Health / Depression / Anxiety,False,False,30.0,,1.0,,$30 for up to 30 capsules,Rx Outreach,nonprofit_mail_order,True
Duloxetine HCL DR Capsule,60mg,Capsule,Cymbalta,Mental Health / Depression / Anxiety,False,False,20.0,47.0,0.6667,$20 for 30 days$47 for 90 days,,Rx Outreach,nonprofit_mail_order,True
Dutasteride Capsule,0.5mg,Capsule,Avodart,Men's Health / Prostate (BPH),False,False,13.0,20.0,0.4333,,$13 for up to 30 capsules$20 for up to 90 capsules,Rx Outreach,nonprofit_mail_order,True
Dyrenium Capsule,100mg,Capsule,Triamterene,Blood Pressure / Fluid Retention / Cardiovascular,False,False,63.0,79.0,2.1,,$63 for up to 30 capsules$8 for up to each additional 30 capsules,Rx Outreach,nonprofit_mail_order,True
Dyrenium Capsule,50mg,Capsule,Triamterene,Blood Pressure / Fluid Retention / Cardiovascular,False,False,63.0,79.0,2.1,,$63 for up to 30 capsules$8 for up to each additional 30 capsules,Rx Outreach,nonprofit_mail_order,True
Efavirenz Tablet,600mg,Tablet,Sustiva,Antiviral / HIV,False,False,30.0,60.0,1.0,,$30 for up to 30 tablets$15 for up to each additional 30 tablets,Rx Outreach,nonprofit_mail_order,True
Efavirenz/Emtricitabine/Tenofovir Tablet,600/200/300mg,Tablet,Atripla,Antiviral / HIV,False,False,,,,,$25 for up 30 tablets$15 for up to each additional 30 tablets,Rx Outreach,nonprofit_mail_order,True
Eletriptan Tablet,20mg,Tablet,Relpax,Migraines,False,False,15.0,,0.5,,$15 per 6 tablets. Maximum of 60 tablets.,Rx Outreach,nonprofit_mail_order,True
Eletriptan Tablet,40mg,Tablet,Relpax,Migraines,False,False,15.0,,0.5,,$15 per 6 tablets. Maximum of 60 tablets.,Rx Outreach,nonprofit_mail_order,True
Emtricitabine/Tenofovir Tablet,200/300mg,Tablet,Truvada,Antiviral / HIV,False,False,20.0,50.0,0.6667,,$20 for up to 30 tablets$15 for up to each additional 30 tablets,Rx Outreach,nonprofit_mail_order,True
Enalapril Maleate Tablet,10mg,Tablet,Vasotec,Blood Pressure / Heart / Cardiovascular,False,False,10.0,15.0,0.3333,$10 for 30 days$15 for 90 days,,Rx Outreach,nonprofit_mail_order,True
Enalapril Maleate Tablet,2.5mg,Tablet,Vasotec,Blood Pressure / Heart / Cardiovascular,False,False,10.0,15.0,0.3333,$10 for 30 days$15 for 90 days,,Rx Outreach,nonprofit_mail_order,True
Enalapril Maleate Tablet,20mg,Tablet,Vasotec,Blood Pressure / Heart / Cardiovascular,False,False,10.0,15.0,0.3333,$10 for 30 days$15 for 90 days,,Rx Outreach,nonprofit_mail_order,True
Enalapril Maleate Tablet,5mg,Tablet,Vasotec,Blood Pressure / Heart / Cardiovascular,False,False,10.0,15.0,0.3333,$10 for 30 days$15 for 90 days,,Rx Outreach,nonprofit_mail_order,True
Enalapril/HCTZ Tablet,10/25mg,Tablet,Vaseretic,Blood Pressure / Fluid Retention / Cardiovascular,False,False,15.0,22.0,0.5,$15 for 30 days$22 for 90 days,,Rx Outreach,nonprofit_mail_order,True
Enalapril/HCTZ Tablet,5/12.5mg,Tablet,Vaseretic,Blood Pressure / Fluid Retention / Cardiovascular,False,False,15.0,22.0,0.5,$15 for 30 days$22 for 90 days,,Rx Outreach,nonprofit_mail_order,True
Entacapone Tablet,200mg,Tablet,Comtan,Parkinson's,False,False,15.0,25.0,0.5,,$15 for up to 30 tablets$25 for up to 90 tablets,Rx Outreach,nonprofit_mail_order,True
Entecavir Tablet,0.5mg,Tablet,Baraclude,Antiviral / Hepatitis B,False,False,35.0,60.0,1.1667,,$35 for up to 30 tablets$60 for up to 90 tablets,Rx Outreach,nonprofit_mail_order,True
Entecavir Tablet,1mg,Tablet,Baraclude,Antiviral / Hepatitis B,False,False,35.0,60.0,1.1667,,$35 for up to 30 tablets$60 for up to 90 tablets,Rx Outreach,nonprofit_mail_order,True
Epinephrine Auto-Injector (2pk),0.15mg,Other,EpiPen Jr,Emergency Treatment,False,False,170.0,,,,$170 per box of 2 pens,Rx Outreach,nonprofit_mail_order,True
Epinephrine Auto-Injector (2pk),0.3mg,Other,EpiPen,Emergency Treatment,False,False,170.0,,,,$170 per box of 2 pens,Rx Outreach,nonprofit_mail_order,True
Eplerenone Tablet,25mg,Tablet,Inspra,Blood Pressure / Heart / Cardiovascular,False,False,20.0,45.0,0.6667,$20 for 30 days$45 for 90 days,,Rx Outreach,nonprofit_mail_order,True
Eplerenone Tablet,50mg,Tablet,Inspra,Blood Pressure / Heart / Cardiovascular,False,False,20.0,45.0,0.6667,$20 for 30 days$45 for 90 days,,Rx Outreach,nonprofit_mail_order,True
Erlotinib Tablet,100mg,Tablet,Tarceva,Cancer,False,False,50.0,120.0,1.6667,,$50 for up to 30 tablets$35 for up to each additional 30 tablets,Rx Outreach,nonprofit_mail_order,True
Erlotinib Tablet,150mg,Tablet,Tarceva,Cancer,False,False,50.0,120.0,1.6667,,$50 for up to 30 tablets$35 for up to each additional 30 tablets,Rx Outreach,nonprofit_mail_order,True
Erlotinib Tablet,25mg,Tablet,Tarceva,Cancer,False,False,25.0,45.0,0.8333,,$25 for up to 30 tablets$10 for up to each additional 30 tablets,Rx Outreach,nonprofit_mail_order,True
Escitalopram Tablet,10mg,Tablet,Lexapro,Mental Health / Depression,False,False,12.0,25.0,0.4,$12 for 30 days$25 for 90 days,,Rx Outreach,nonprofit_mail_order,True
Escitalopram Tablet,20mg,Tablet,Lexapro,Mental Health / Depression,False,False,12.0,25.0,0.4,$12 for 30 days$25 for 90 days,,Rx Outreach,nonprofit_mail_order,True
Escitalopram Tablet,5mg,Tablet,Lexapro,Mental Health / Depression,False,False,12.0,25.0,0.4,$12 for 30 days$25 for 90 days,,Rx Outreach,nonprofit_mail_order,True
Eslicarbazepine Tablet,200mg,Tablet,Aptiom,Seizures / Epilepsy,False,False,20.0,40.0,0.6667,,$20 for up to 30 tablets$10 for up to each additional 30 tablets,Rx Outreach,nonprofit_mail_order,True
Eslicarbazepine Tablet,400mg,Tablet,Aptiom,Seizures / Epilepsy,False,False,25.0,55.0,0.8333,,$25 for up to 30 tablets$15 for up to each additional 30 tablets,Rx Outreach,nonprofit_mail_order,True
Eslicarbazepine Tablet,600mg,Tablet,Aptiom,Seizures / Epilepsy,False,False,30.0,70.0,1.0,,$30 for up to 30 tablets$20 for up to each additional 30 tablets,Rx Outreach,nonprofit_mail_order,True
Eslicarbazepine Tablet,800mg,Tablet,Aptiom,Seizures / Epilepsy,False,False,35.0,85.0,1.1667,,$35 for up to 30 tablets$25 for up to each additional 30 tablets,Rx Outreach,nonprofit_mail_order,True
Esomeprazole Capsule,20mg,Capsule,Nexium,Heartburn / Acid Reflux / Ulcers,False,False,12.0,18.0,0.4,,$12 for up to 30 capsules$3 for up to each additional 30 capsules,Rx Outreach,nonprofit_mail_order,True
Esomeprazole Capsule,40mg,Capsule,Nexium,Heartburn / Acid Reflux / Ulcers,False,False,21.0,61.0,0.7,,$21 for up to 30 capsules$20 for up to each additional 30 capsules,Rx Outreach,nonprofit_mail_order,True
Estarylla® (Norgestimate/Ethinyl Estradiol) Tablet Pack,0.25/0.035mg,Tablet,Ortho-Cyclen | Sprintec | Mononessa | Previfem,Women's Health / Birth Control / Contraceptive,False,False,,35.0,,$35 (limit 3) for 90 days,,Rx Outreach,nonprofit_mail_order,True
Estradiol Patch,0.0375mg (1/wk),Patch,Climara,Women's Health / Hormones,False,False,45.0,,,,$45 for 1 box of 4 patches$30 for each additional box,Rx Outreach,nonprofit_mail_order,True
Estradiol Patch,0.0375mg (2/wk),Patch,Vivelle,Women's Health / Hormones,False,False,50.0,,,,$50 for 1 box of 8 patches$30 for each additional box,Rx Outreach,nonprofit_mail_order,True
Estradiol Patch,0.05mg (1/wk),Patch,Climara,Women's Health / Hormones,False,False,45.0,,,,$45 for 1 box of 4 patches$30 for each additional box,Rx Outreach,nonprofit_mail_order,True
Estradiol Patch,0.05mg (2/wk),Patch,Vivelle,Women's Health / Hormones,False,False,50.0,,,,$50 for 1 box of 8 patches$30 for each additional box,Rx Outreach,nonprofit_mail_order,True
Estradiol Patch,0.075mg (1/wk),Patch,Climara,Women's Health / Hormones,False,False,45.0,,,,$45 for 1 box of 4 patches$30 for each additional box,Rx Outreach,nonprofit_mail_order,True
Estradiol Patch,0.075mg (2/wk),Patch,Vivelle,Women's Health / Hormones,False,False,50.0,,,,$50 for 1 box of 8 patches$30 for each additional box,Rx Outreach,nonprofit_mail_order,True
Estradiol Patch,0.1mg (1/wk),Patch,Climara,Women's Health / Hormones,False,False,45.0,,,,$45 for 1 box of 4 patches$30 for each additional box,Rx Outreach,nonprofit_mail_order,True
Estradiol Patch,0.1mg (2/wk),Patch,Vivelle,Women's Health / Hormones,False,False,50.0,,,,$50 for 1 box of 8 patches$30 for each additional box,Rx Outreach,nonprofit_mail_order,True
Estradiol Tablet,0.5mg,Tablet,Estrace,Women's Health / Hormones,False,False,10.0,16.0,0.3333,$10 for 30 days$16 for 90 days,,Rx Outreach,nonprofit_mail_order,True
Estradiol Tablet,1mg,Tablet,Estrace,Women's Health / Hormones,False,False,10.0,16.0,0.3333,$10 for 30 days$16 for 90 days,,Rx Outreach,nonprofit_mail_order,True
Estradiol Tablet,2 mg,Tablet,Estrace,Women's Health / Hormones,False,False,10.0,16.0,0.3333,$10 for 30 days$16 for 90 days,,Rx Outreach,nonprofit_mail_order,True
Estradiol Vaginal Cream 42.5g,0.01%,Cream,Estrace,Women's Health / Hormones,False,False,20.0,,,,$20 per tube,Rx Outreach,nonprofit_mail_order,True
Estradiol/Norethindrone Tablet,0.5/0.1mg,Tablet,Activella,Women's Health / Birth Control / Contraceptive,False,False,20.0,,0.6667,,$20 per pack of 28 tablets,Rx Outreach,nonprofit_mail_order,True
Estradiol/Norethindrone Tablet,1/0.5mg,Tablet,Activella,Women's Health / Birth Control / Contraceptive,False,False,20.0,,0.6667,,$20 per pack of 28 tablets,Rx Outreach,nonprofit_mail_order,True
Eszopiclone Tablet,1mg,Tablet,Lunesta,Insomnia,True,False,18.0,25.0,0.6,,$18 for up to 30 tablets$25 for up to 90 tablets,Rx Outreach,nonprofit_mail_order,True
Eszopiclone Tablet,2mg,Tablet,Lunesta,Insomnia,True,False,18.0,25.0,0.6,,$18 for up to 30 tablets$25 for up to 90 tablets,Rx Outreach,nonprofit_mail_order,True
Eszopiclone Tablet,3mg,Tablet,Lunesta,Insomnia,True,False,18.0,25.0,0.6,,$18 for up to 30 tablets$25 for up to 90 tablets,Rx Outreach,nonprofit_mail_order,True
Etodolac Capsule,300mg,Capsule,Lodine,Pain / Arthritis,False,False,18.0,25.0,0.6,,$18 for up to 30 capsules$25 for up to 90 capsules,Rx Outreach,nonprofit_mail_order,True
Etodolac Tablet,400mg,Tablet,Lodine,Pain / Arthritis,False,False,18.0,25.0,0.6,,$18 for up to 30 tablets$25 for up to 90 tablets,Rx Outreach,nonprofit_mail_order,True
Etodolac Tablet,500mg,Tablet,Lodine,Pain / Arthritis,False,False,18.0,25.0,0.6,,$18 for up to 30 tablets$25 for up to 90 tablets,Rx Outreach,nonprofit_mail_order,True
Etonogestrel/Ethinyl Estradiol Vaginal Ring,0.12/0.015mg,Other,NuvaRing,Women's Health / Birth Control / Contraceptive,False,False,,,,,"$125 for up to 3 ringsNot available to ship to Alaska, Hawaii, Puerto Rico, or Virgin Islands",Rx Outreach,nonprofit_mail_order,True
Everolimus Tablet,0.25mg,Tablet,Zortress,Immunosuppressant,False,False,33.0,,1.1,,$33 for up to 30 tablets,Rx Outreach,nonprofit_mail_order,True
Everolimus Tablet,0.5mg,Tablet,Zortress,Immunosuppressant,False,False,40.0,,1.3333,,$40 for up to 30 tablets,Rx Outreach,nonprofit_mail_order,True
Everolimus Tablet,0.75mg,Tablet,Zortress,Immunosuppressant,False,False,50.0,,1.6667,,$50 for up to 30 tablets,Rx Outreach,nonprofit_mail_order,True
Everolimus Tablet,1mg,Tablet,Zortress,Immunosuppressant,False,False,80.0,,2.6667,,$80 for up to 30 tablets,Rx Outreach,nonprofit_mail_order,True
Exemestane Tablet,25mg,Tablet,Aromasin,Breast Cancer,False,False,,40.0,,,$40 for up to 90 tablets,Rx Outreach,nonprofit_mail_order,True
Ezetimibe Tablet,10mg,Tablet,Zetia,Heart / Cholesterol,False,False,25.0,,0.8333,,$25 for up to 30 tablets,Rx Outreach,nonprofit_mail_order,True
Ezetimibe/Simvastatin Tablet,10/10mg,Tablet,Vytorin,Cholesterol,False,False,,20.0,,,$20 for up to 90 tablets,Rx Outreach,nonprofit_mail_order,True
Ezetimibe/Simvastatin Tablet,10/20mg,Tablet,Vytorin,Cholesterol,False,False,,20.0,,,$20 for up to 90 tablets,Rx Outreach,nonprofit_mail_order,True
Ezetimibe/Simvastatin Tablet,10/40mg,Tablet,Vytorin,Cholesterol,False,False,,20.0,,,$20 for up to 90 tablets,Rx Outreach,nonprofit_mail_order,True
Ezetimibe/Simvastatin Tablet,10/80mg,Tablet,Vytorin,Cholesterol,False,False,,20.0,,,$20 for up to 90 tablets,Rx Outreach,nonprofit_mail_order,True
Famciclovir Tablets,250mg,Tablet,Famvir,Antiviral / Cold Sores / Shingles / Herpes,False,False,20.0,,0.6667,,$20 for up to 30 tablets,Rx Outreach,nonprofit_mail_order,True
Famciclovir Tablets,500mg,Tablet,Famvir,Antiviral / Cold Sores / Shingles / Herpes,False,False,30.0,,1.0,,$30 for up to 30 tablets,Rx Outreach,nonprofit_mail_order,True
Famotidine Tablet,20mg,Tablet,Pepcid,Heartburn / Acid Reflux / Ulcers,False,False,10.0,20.0,0.3333,$10 for 30 days$20 for 90 days,,Rx Outreach,nonprofit_mail_order,True
Famotidine Tablet,40mg,Tablet,Pepcid,Heartburn / Acid Reflux / Ulcers,False,False,10.0,20.0,0.3333,$10 for 30 days$20 for 90 days,,Rx Outreach,nonprofit_mail_order,True
Febuxostat Tablet,40mg,Tablet,Uloric,Gout,False,False,15.0,25.0,0.5,,$15 for up to 30 tablets$25 for up to 90 tablets,Rx Outreach,nonprofit_mail_order,True
Febuxostat Tablet,80mg,Tablet,Uloric,Gout,False,False,15.0,25.0,0.5,,$15 for up to 30 tablets$25 for up to 90 tablets,Rx Outreach,nonprofit_mail_order,True
Felodipine ER Tablet,10mg,Tablet,Plendil | ER,Blood Pressure / Heart / Cardiovascular,False,False,15.0,20.0,0.5,,$15 for up to 30 tablets$20 for up to 90 tablets,Rx Outreach,nonprofit_mail_order,True
Felodipine ER Tablet,2.5mg,Tablet,Plendil | ER,Blood Pressure / Heart / Cardiovascular,False,False,15.0,20.0,0.5,,$15 for up to 30 tablets$20 for up to 90 tablets,Rx Outreach,nonprofit_mail_order,True
Felodipine ER Tablet,5mg,Tablet,Plendil | ER,Blood Pressure / Heart / Cardiovascular,False,False,15.0,20.0,0.5,,$15 for up to 30 tablets$20 for up to 90 tablets,Rx Outreach,nonprofit_mail_order,True
Fenofibrate Micronized Capsule,134mg,Capsule,Lofibra | (micronized),Cholesterol,False,False,12.0,16.0,0.4,$12 for 30 days$16 for 90 days,,Rx Outreach,nonprofit_mail_order,True
Fenofibrate Tablet,145mg,Tablet,Tricor,Cholesterol,False,False,13.0,17.0,0.4333,$13 for 30 days$17 for 90 days,,Rx Outreach,nonprofit_mail_order,True
Fenofibrate Tablet,160mg,Tablet,Tricor | Lipofen | Lofibra,Cholesterol,False,False,13.0,17.0,0.4333,$13 for 30 days$17 for 90 days,,Rx Outreach,nonprofit_mail_order,True
Fenofibrate Tablet,48mg,Tablet,Tricor,Cholesterol,False,False,13.0,17.0,0.4333,$13 for 30 days$17 for 90 days,,Rx Outreach,nonprofit_mail_order,True
Fenofibrate Tablet,54mg,Tablet,Tricor | Lipofen | Lofibra,Cholesterol,False,False,13.0,17.0,0.4333,$13 for 30 days$17 for 90 days,,Rx Outreach,nonprofit_mail_order,True
Fenofibric Acid DR Capsule,135mg,Capsule,Trilipix,Cholesterol,False,False,25.0,50.0,0.8333,,$25 for up to 30 capsules$50 for up to 90 capsules,Rx Outreach,nonprofit_mail_order,True
Ferrous Sulfate EC Tablet,325mg (no prescription required),Tablet,Iron,Iron Supplement,False,True,10.0,,0.3333,,$10 per bottle of 100 tablets,Rx Outreach,nonprofit_mail_order,True
Fesoterodine ER Tablet,4mg,Tablet,Toviaz,Urinary,False,False,20.0,40.0,0.6667,,$20 for up to 30 tablets$10 for up to each additional 30 tablets,Rx Outreach,nonprofit_mail_order,True
Fesoterodine ER Tablet,8mg,Tablet,Toviaz,Urinary,False,False,20.0,40.0,0.6667,,$20 for up to 30 tablets$10 for up to each additional 30 tablets,Rx Outreach,nonprofit_mail_order,True
Fexofenadine Tablet,180mg (no prescription required),Tablet,Allegra | OTC,Allergies,False,True,,,,,$25 for 2 bottles (100 tablets per bottle),Rx Outreach,nonprofit_mail_order,True
Finasteride Tablet,1mg,Tablet,Propecia,Men's Health / Male Hair Loss,False,False,11.0,20.0,0.3667,,$11 for up to 30 tablets$20 for up to 90 tablets,Rx Outreach,nonprofit_mail_order,True
Finasteride Tablet,5mg,Tablet,Proscar,Prostate / Men's Health,False,False,12.0,25.0,0.4,$12 for 30 days$25 for 90 days,,Rx Outreach,nonprofit_mail_order,True
Fingolimod Capsule,0.5mg,Capsule,Gilenya,Multiple Sclerosis,False,False,60.0,,2.0,,$60 for up to 30 capsules,Rx Outreach,nonprofit_mail_order,True
Flecainide Acetate Tablet,100mg,Tablet,Tambocor,Heart / Cardiovascular,False,False,15.0,20.0,0.5,,$15 for up to 30 tablets$20 for up to 90 tablets,Rx Outreach,nonprofit_mail_order,True
Flecainide Acetate Tablet,150mg,Tablet,Tambocor,Heart / Cardiovascular,False,False,15.0,20.0,0.5,,$15 for up to 30 tablets$20 for up to 90 tablets,Rx Outreach,nonprofit_mail_order,True
Flecainide Acetate Tablet,50mg,Tablet,Tambocor,Heart / Cardiovascular,False,False,15.0,20.0,0.5,,$15 for up to 30 tablets$20 for up to 90 tablets,Rx Outreach,nonprofit_mail_order,True
Fluconazole Tablet,100mg,Tablet,Diflucan,Antifungal,False,False,15.0,25.0,0.5,,$15 for up to 30 tablets$25 for up to 90 tablets,Rx Outreach,nonprofit_mail_order,True
Fluconazole Tablet,150mg,Tablet,Diflucan,Antifungal,False,False,15.0,,0.5,,$15 per pack of 1 tablet,Rx Outreach,nonprofit_mail_order,True
Fluconazole Tablet,200mg,Tablet,Diflucan,Antifungal,False,False,20.0,30.0,0.6667,,$20 for up to 30 tablets$30 for up to 90 tablets,Rx Outreach,nonprofit_mail_order,True
Fluocinonide Solution,0.05%,Solution,Vanos,Eczema / Psoriasis / Itching / Skin Inflammation,False,False,25.0,,,,$25 per bottle,Rx Outreach,nonprofit_mail_order,True
Fluoxetine Capsule,10mg,Capsule,Prozac | Sarafem,Mental Health / Depression / Anxiety / Eating Disorder,False,False,10.0,12.0,0.3333,,$10 for up to 30 tablets$12 for up to 90 tablets,Rx Outreach,nonprofit_mail_order,True
Fluoxetine Capsule,20mg,Capsule,Prozac | Sarafem,Mental Health / Depression / Anxiety / Eating Disorder,False,False,10.0,20.0,0.3333,$10 for 30 days$20 for 90 days,,Rx Outreach,nonprofit_mail_order,True
Fluoxetine Capsule,40mg,Capsule,Prozac | Sarafem,Mental Health / Depression / Anxiety / Eating Disorder,False,False,10.0,20.0,0.3333,$10 for 30 days$20 for 90 days,,Rx Outreach,nonprofit_mail_order,True
Fluphenazine Tablet,2.5mg,Tablet,Prolixin,Mental Health / Schizophrenia,False,False,15.0,,0.5,,$15 for up to 30 tablets,Rx Outreach,nonprofit_mail_order,True
Fluphenazine Tablet,5mg,Tablet,Prolixin,Mental Health / Schizophrenia,False,False,15.0,,0.5,,$15 for up to 30 tablets,Rx Outreach,nonprofit_mail_order,True
Fluticasone Nasal Spray,50mcg,Nasal Spray,Flonase,Allergies,False,False,15.0,,,,$15 per nasal spray,Rx Outreach,nonprofit_mail_order,True
Fluticasone Propionate HFA Inhaler,110mcg,Inhaler,Flovent | HFA,Asthma,False,False,0.0,,,,$0 per inhaler canister. Supported through a partnership for uninsured patients who meet income limits and other eligibility requirements for a limited time. See rxoutreach.org/prasco for more information.,Rx Outreach,nonprofit_mail_order,True
Fluticasone Propionate HFA Inhaler,220mcg,Inhaler,Flovent | HFA,Asthma,False,False,0.0,,,,$0 per inhaler canister. Supported through a partnership for uninsured patients who meet income limits and other eligibility requirements for a limited time. See rxoutreach.org/prasco for more information.,Rx Outreach,nonprofit_mail_order,True
Fluticasone Propionate HFA Inhaler,44mcg,Inhaler,Flovent | HFA,Asthma,False,False,0.0,,,,$0 per inhaler canister. Supported through a partnership for uninsured patients who meet income limits and other eligibility requirements for a limited time. See rxoutreach.org/prasco for more information.,Rx Outreach,nonprofit_mail_order,True
Fluticasone/Salmeterol Diskus,100/50mcg (60 inhalations),Other,Advair Diskus,Asthma / COPD,False,False,,,,,$45 per diskus,Rx Outreach,nonprofit_mail_order,True
Fluticasone/Salmeterol Diskus,250/50mcg (60 inhalations),Other,Advair Diskus,Asthma / COPD,False,False,,,,,$65 per diskus,Rx Outreach,nonprofit_mail_order,True
Fluticasone/Salmeterol Diskus,500/50mcg (60 inhalations),Other,Advair Diskus,Asthma / COPD,False,False,,,,,$85 per diskus,Rx Outreach,nonprofit_mail_order,True
Fluticasone/Salmeterol Inhaler,113/14mcg (60 inhalations),Inhaler,Advair | AirDuo RespiClick,Asthma / COPD,False,False,115.0,,,,$115 per inhaler canister,Rx Outreach,nonprofit_mail_order,True
Fluticasone/Salmeterol Inhaler,232/14mcg  (60 inhalations),Inhaler,Advair | AirDuo RespiClick,Asthma / COPD,False,False,115.0,,,,$115 per inhaler canister,Rx Outreach,nonprofit_mail_order,True
Fluticasone/Salmeterol Inhaler,55/14mcg (60 inhalations),Inhaler,Advair | AirDuo RespiClick,Asthma / COPD,False,False,115.0,,,,$115 per inhaler canister,Rx Outreach,nonprofit_mail_order,True
Fluvoxamine Maleate Tablet,100mg,Tablet,Luvox,Mental Health / OCD,False,False,12.0,25.0,0.4,,$12 for up to 30 tablets$25 for up to 90 tablets,Rx Outreach,nonprofit_mail_order,True
Folic Acid Tablet,1mg,Tablet,,Vitamins / Minerals,False,False,10.0,20.0,0.3333,$10 for 30 days$20 for 90 days,,Rx Outreach,nonprofit_mail_order,True
Furosemide Tablet,20mg,Tablet,Lasix,Blood Pressure / Fluid Retention / Cardiovascular,False,False,8.0,10.0,0.2667,$8 for 30 days$10 for 90 days,,Rx Outreach,nonprofit_mail_order,True
Furosemide Tablet,40mg,Tablet,Lasix,Blood Pressure / Fluid Retention / Cardiovascular,False,False,8.0,10.0,0.2667,$8 for 30 days$10 for 90 days,,Rx Outreach,nonprofit_mail_order,True
Furosemide Tablet,80mg,Tablet,Lasix,Blood Pressure / Fluid Retention / Cardiovascular,False,False,8.0,10.0,0.2667,$8 for 30 days$10 for 90 days,,Rx Outreach,nonprofit_mail_order,True
Gabapentin Capsule,100mg,Capsule,Neurontin | Gabarone,Nerve Pain / Seizures / Epilepsy,False,False,27.0,,0.9,,$27 for up to 270 capsules (new prescriptions are limited to a 90 day supply),Rx Outreach,nonprofit_mail_order,True
Gabapentin Capsule,300mg,Capsule,Neurontin | Gabarone,Nerve Pain / Seizures / Epilepsy,False,False,27.0,,0.9,,$27 for up to 270 capsules (new prescriptions are limited to a 90 day supply),Rx Outreach,nonprofit_mail_order,True
Gabapentin Capsule,400mg,Capsule,Neurontin | Gabarone,Nerve Pain / Seizures / Epilepsy,False,False,27.0,,0.9,,$27 for up to 270 capsules (new prescriptions are limited to a 90 day supply),Rx Outreach,nonprofit_mail_order,True
Gabapentin Tablet,600mg,Tablet,Neurontin | Gabarone,Nerve Pain / Seizures / Epilepsy,False,False,47.0,,1.5667,,$47 for up to 270 tablets (new prescriptions are limited to a 90 day supply),Rx Outreach,nonprofit_mail_order,True
Gabapentin Tablet,800mg,Tablet,Neurontin | Gabarone,Nerve Pain / Seizures / Epilepsy,False,False,47.0,,1.5667,,$47 for up to 270 tablets (new prescriptions are limited to a 90 day supply),Rx Outreach,nonprofit_mail_order,True
Galantamine ER Capsule,16mg,Capsule,Razadyne ER,Alzheimer's / Dementia,False,False,30.0,,1.0,,$30 for up to 30 capsules,Rx Outreach,nonprofit_mail_order,True
Galantamine ER Capsule,24mg,Capsule,Razadyne ER,Alzheimer's / Dementia,False,False,30.0,,1.0,,$30 for up to 30 capsules,Rx Outreach,nonprofit_mail_order,True
Galantamine ER Capsule,8mg,Capsule,Razadyne ER,Alzheimer's / Dementia,False,False,30.0,,1.0,,$30 for up to 30 capsules,Rx Outreach,nonprofit_mail_order,True
Galantamine Tablet,12mg,Tablet,Razadyne,Alzheimer's / Dementia,False,False,12.5,,0.4167,,$25 for up to 60 tablets,Rx Outreach,nonprofit_mail_order,True
Galantamine Tablet,4mg,Tablet,Razadyne,Alzheimer's / Dementia,False,False,12.5,,0.4167,,$25 for up to 60 tablets,Rx Outreach,nonprofit_mail_order,True
Galantamine Tablet,8mg,Tablet,Razadyne,Alzheimer's / Dementia,False,False,12.5,,0.4167,,$25 for up to 60 tablets,Rx Outreach,nonprofit_mail_order,True
Gemfibrozil Tablet,600mg,Tablet,Lopid,Heart / Cholesterol,False,False,13.0,17.0,0.4333,$13 for 30 days$17 for 90 days,,Rx Outreach,nonprofit_mail_order,True
Glimepiride Tablet,1mg,Tablet,Amaryl,Diabetes,False,False,10.0,20.0,0.3333,$10 for 30 days$20 for 90 days,,Rx Outreach,nonprofit_mail_order,True
Glimepiride Tablet,2mg,Tablet,Amaryl,Diabetes,False,False,10.0,20.0,0.3333,$10 for 30 days$20 for 90 days,,Rx Outreach,nonprofit_mail_order,True
Glimepiride Tablet,4mg,Tablet,Amaryl,Diabetes,False,False,10.0,20.0,0.3333,$10 for 30 days$20 for 90 days,,Rx Outreach,nonprofit_mail_order,True
Glipizide ER Tablet,10mg,Tablet,Glucotrol XL,Diabetes,False,False,12.0,16.0,0.4,$12 for 30 days$16 for 90 days,,Rx Outreach,nonprofit_mail_order,True
Glipizide ER Tablet,2.5mg,Tablet,Glucotrol XL,Diabetes,False,False,12.0,16.0,0.4,$12 for 30 days$16 for 90 days,,Rx Outreach,nonprofit_mail_order,True
Glipizide ER Tablet,5mg,Tablet,Glucotrol XL,Diabetes,False,False,12.0,16.0,0.4,$12 for 30 days$16 for 90 days,,Rx Outreach,nonprofit_mail_order,True
Glipizide Tablet,10mg,Tablet,Glucotrol,Diabetes,False,False,10.0,20.0,0.3333,$10 for 30 days$20 for 90 days,,Rx Outreach,nonprofit_mail_order,True
Glipizide Tablet,5mg,Tablet,Glucotrol,Diabetes,False,False,10.0,12.0,0.3333,$10 for 30 days$12 for 90 days,,Rx Outreach,nonprofit_mail_order,True
Glyburide Tablet,1.25mg,Tablet,Diabeta | Micronase,Diabetes,False,False,12.0,16.0,0.4,$12 for 30 days$16 for 90 days,,Rx Outreach,nonprofit_mail_order,True
Glyburide Tablet,2.5mg,Tablet,Diabeta | Micronase,Diabetes,False,False,12.0,16.0,0.4,$12 for 30 days$16 for 90 days,,Rx Outreach,nonprofit_mail_order,True
Glyburide Tablet,5mg,Tablet,Diabeta | Micronase,Diabetes,False,False,12.0,16.0,0.4,$12 for 30 days$16 for 90 days,,Rx Outreach,nonprofit_mail_order,True
Glyburide/Metformin Tablet,1.25/250mg,Tablet,Glucovance,Diabetes,False,False,12.0,20.0,0.4,$12 for 30 days$20 for 90 days,,Rx Outreach,nonprofit_mail_order,True
Glyburide/Metformin Tablet,2.5/500mg,Tablet,Glucovance,Diabetes,False,False,15.0,25.0,0.5,$15 for 30 days$25 for 90 days,,Rx Outreach,nonprofit_mail_order,True
Glyburide/Metformin Tablet,5/500mg,Tablet,Glucovance,Diabetes,False,False,15.0,25.0,0.5,$15 for 30 days$25 for 90 days,,Rx Outreach,nonprofit_mail_order,True
Glycopyrrolate Tablet,1mg,Tablet,Robinul,Ulcers,False,False,15.0,25.0,0.5,,$15 for up to 30 tablets$5 for up to each additional 30 tablets,Rx Outreach,nonprofit_mail_order,True
Glycopyrrolate Tablet,2mg,Tablet,Robinul,Ulcers,False,False,15.0,25.0,0.5,,$15 for up to 30 tablets$5 for up to each additional 30 tablets,Rx Outreach,nonprofit_mail_order,True
Guanfacine ER Tablet,1mg,Tablet,Intuniv | Tenex,Mental Health / ADHD,False,False,12.0,20.0,0.4,$12 for 30 days$20 for 90 days,,Rx Outreach,nonprofit_mail_order,True
Guanfacine ER Tablet,2mg,Tablet,Intuniv | Tenex,Mental Health / ADHD,False,False,12.0,20.0,0.4,$12 for 30 days$20 for 90 days,,Rx Outreach,nonprofit_mail_order,True
Guanfacine ER Tablet,3mg,Tablet,Intuniv | Tenex,Mental Health / ADHD,False,False,15.0,35.0,0.5,$15 for 30 days$35 for 90 days,,Rx Outreach,nonprofit_mail_order,True
Hailey FE Tablet Pack,1.5mg/30mcg,Tablet,Loestrin FE | Junel FE | Microgestin FE,Women's Health / Birth Control / Contraceptive,False,False,6.67,20.0,0.2223,,$20 for up to 3 packs of 28 tablets,Rx Outreach,nonprofit_mail_order,True
Hailey FE Tablet Pack,1mg/20mcg,Tablet,Loestrin FE | Junel FE | Microgestin FE,Women's Health / Birth Control / Contraceptive,False,False,6.67,20.0,0.2223,,$20 for up to 3 packs of 28 tablets,Rx Outreach,nonprofit_mail_order,True
Hailey Tablet Pack,1.5mg/30mcg,Tablet,Loestrin | Junel | Microgestin,Women's Health / Birth Control / Contraceptive,False,False,6.67,20.0,0.2223,,$20 for up to 3 packs of 21 tablets,Rx Outreach,nonprofit_mail_order,True
Halobetasol Prop Ointment,0.05%,Ointment,Ultravate,Eczema / Psoriasis / Itching / Skin Inflammation,False,False,25.0,,,,$25 per tube,Rx Outreach,nonprofit_mail_order,True
Haloperidol Tablet,0.5mg,Tablet,Haldol,Mental Health / Schizophrenia / Tourette's Syndrome,False,False,12.0,20.0,0.4,$12 for 30 days$20 for 90 days,,Rx Outreach,nonprofit_mail_order,True
Haloperidol Tablet,1mg,Tablet,Haldol,Mental Health / Schizophrenia / Tourette's Syndrome,False,False,12.0,20.0,0.4,$12 for 30 days$20 for 90 days,,Rx Outreach,nonprofit_mail_order,True
Haloperidol Tablet,2mg,Tablet,Haldol,Mental Health / Schizophrenia / Tourette's Syndrome,False,False,12.0,20.0,0.4,$12 for 30 days$20 for 90 days,,Rx Outreach,nonprofit_mail_order,True
Haloperidol Tablet,5mg,Tablet,Haldol,Mental Health / Schizophrenia / Tourette's Syndrome,False,False,12.0,20.0,0.4,$12 for 30 days$20 for 90 days,,Rx Outreach,nonprofit_mail_order,True
Hydralazine Tablet,100mg,Tablet,Apresoline,Blood Pressure / Heart / Cardiovascular,False,False,12.0,15.0,0.4,$12 for 30 days$15 for 90 days,,Rx Outreach,nonprofit_mail_order,True
Hydralazine Tablet,10mg,Tablet,Apresoline,Blood Pressure / Heart / Cardiovascular,False,False,12.0,15.0,0.4,$12 for 30 days$15 for 90 days,,Rx Outreach,nonprofit_mail_order,True
Hydralazine Tablet,25mg,Tablet,Apresoline,Blood Pressure / Heart / Cardiovascular,False,False,12.0,15.0,0.4,$12 for 30 days$15 for 90 days,,Rx Outreach,nonprofit_mail_order,True
Hydralazine Tablet,50mg,Tablet,Apresoline,Blood Pressure / Heart / Cardiovascular,False,False,12.0,15.0,0.4,$12 for 30 days$15 for 90 days,,Rx Outreach,nonprofit_mail_order,True
Hydrochlorothiazide Capsule,12.5mg,Capsule,Microzide,Blood Pressure / Fluid Retention / Cardiovascular,False,False,10.0,20.0,0.3333,$10 for 30 days$20 for 90 days,,Rx Outreach,nonprofit_mail_order,True
Hydrochlorothiazide Tablet,25mg,Tablet,Hydrodiuril,Blood Pressure / Fluid Retention / Cardiovascular,False,False,10.0,20.0,0.3333,$10 for 30 days$20 for 90 days,,Rx Outreach,nonprofit_mail_order,True
Hydrochlorothiazide Tablet,50mg,Tablet,Hydrodiuril,Blood Pressure / Fluid Retention / Cardiovascular,False,False,10.0,12.0,0.3333,$10 for 30 days$12 for 90 days,,Rx Outreach,nonprofit_mail_order,True
Hydrocortisone Cream 28.4g Tube,0.5%,Cream,Cortisone,Eczema / Psoriasis / Itching / Skin Inflammation,False,True,7.5,,,,$7.50 per tube (minimum of 2 tubes),Rx Outreach,nonprofit_mail_order,True
Hydrocortisone Tablet,10mg,Tablet,Cortef,Allergies / Arthritis / Hormones / Asthma,False,False,12.0,25.0,0.4,,$12 for up to 30 tablets$25 for up to 90 tablets,Rx Outreach,nonprofit_mail_order,True
Hydrocortisone Tablet,5mg,Tablet,Cortef,Allergies / Arthritis / Hormones / Asthma,False,False,9.0,15.0,0.3,,$9 for up to 30 tablets$15 for up to 90 tablets,Rx Outreach,nonprofit_mail_order,True
Hydroquinone Cream 28.35g Tube,4%,Cream,Eldoquin Forte,Skin Hyperpigmentation,False,False,30.0,,,,$30 for 1 tube$15 for each additional tube,Rx Outreach,nonprofit_mail_order,True
Hydroxychloroquine Tablet,200mg,Tablet,Plaquenil,Arthritis / Lupus / Malaria,False,False,16.0,35.0,0.5333,,$16 for up to 30 tablets$35 for up to 90 tablets,Rx Outreach,nonprofit_mail_order,True
Hydroxyurea Capsule,500mg,Capsule,Hydrea | Droxia,Cancer / Sickle Cell,False,False,12.0,22.0,0.4,,$12 for up to 30 capsules$22 for up to 90 capsules,Rx Outreach,nonprofit_mail_order,True
Hydroxyzine HCL Tablet,10mg,Tablet,Atarax,Allergies / Anxiety / Itching,False,False,12.0,15.0,0.4,,$12 for up to 30 tablets$15 for up to 90 tablets,Rx Outreach,nonprofit_mail_order,True
Hydroxyzine HCL Tablet,25mg,Tablet,Atarax,Allergies / Anxiety / Itching,False,False,12.0,25.0,0.4,$12 for 30 days$25 for 90 days,,Rx Outreach,nonprofit_mail_order,True
Hydroxyzine HCL Tablet,50mg,Tablet,Atarax,Allergies / Anxiety / Itching,False,False,12.0,15.0,0.4,,$12 for up to 30 tablets$15 for up to 90 tablets,Rx Outreach,nonprofit_mail_order,True
Hydroxyzine Pamoate Capsule,25mg,Capsule,Vistaril,Allergies / Anxiety / Itching,False,False,12.0,18.0,0.4,,$12 for up to 30 tablets$18 for up to 90 tablets,Rx Outreach,nonprofit_mail_order,True
Hydroxyzine Pamoate Capsule,50mg,Capsule,Vistaril,Allergies / Anxiety / Itching,False,False,12.0,18.0,0.4,,$12 for up to 30 tablets$18 for up to 90 tablets,Rx Outreach,nonprofit_mail_order,True
Hyoscyamine ODT Tablet,0.125mg,Tablet,Levsin,Ulcers,False,False,15.0,25.0,0.5,,$15 for up to 30 tablets$5 for up to each additional 30 tablets,Rx Outreach,nonprofit_mail_order,True
Ibuprofen Tablet,400mg,Tablet,Advil | Motrin,Pain / Arthritis,False,False,12.0,15.0,0.4,$12 for 30 days$15 for 90 days,,Rx Outreach,nonprofit_mail_order,True
Ibuprofen Tablet,600mg,Tablet,Advil | Motrin,Pain / Arthritis,False,False,12.0,15.0,0.4,$12 for 30 days$15 for 90 days,,Rx Outreach,nonprofit_mail_order,True
Ibuprofen Tablet,800mg,Tablet,Advil | Motrin,Pain / Arthritis,False,False,12.0,15.0,0.4,$12 for 30 days$15 for 90 days,,Rx Outreach,nonprofit_mail_order,True
Icosapent Ethyl Capsule,1g,Capsule,Vascepa,Heart / Cholesterol,False,False,50.0,,1.6667,,$50 for up to 120 capsules,Rx Outreach,nonprofit_mail_order,True
Imatinib Tablet,100mg,Tablet,Gleevec,Cancer,False,False,15.0,,0.5,,$15 for up to 30 tablets,Rx Outreach,nonprofit_mail_order,True
Imatinib Tablet,400mg,Tablet,Gleevec,Cancer,False,False,40.0,,1.3333,,$40 for up to 30 tablets,Rx Outreach,nonprofit_mail_order,True
Imiquimod Cream Packet,5%,Cream,Aldara,Genital/Perianal Warts / Actinic Keratosis / Skin Cancer,False,False,25.0,,,,$25 for up to 24 packets$15 for up to each additional 24 packets,Rx Outreach,nonprofit_mail_order,True
Indapamide Tablet,1.25mg,Tablet,Lozol,Blood Pressure / Fluid Retention / Cardiovascular,False,False,10.0,20.0,0.3333,$10 for 30 days$20 for 90 days,,Rx Outreach,nonprofit_mail_order,True
Indapamide Tablet,2.5mg,Tablet,Lozol,Blood Pressure / Fluid Retention / Cardiovascular,False,False,10.0,20.0,0.3333,$10 for 30 days$20 for 90 days,,Rx Outreach,nonprofit_mail_order,True
Indomethacin Capsule,25mg,Capsule,Indocin,Pain / Arthritis,False,False,9.0,15.0,0.3,,$9 for up to 30 capsules$15 for up to 90 capsules,Rx Outreach,nonprofit_mail_order,True
Indomethacin Capsule,50mg,Capsule,Indocin,Pain / Arthritis,False,False,11.0,20.0,0.3667,,$11 for up to 30 capsules$20 for up to 90 capsules,Rx Outreach,nonprofit_mail_order,True
Indomethacin ER Capsule,75mg,Capsule,Indocin SR,Pain / Arthritis,False,False,11.0,20.0,0.3667,,$11 for up to 30 capsules$20 for up to 90 capsules,Rx Outreach,nonprofit_mail_order,True
Insulin Syringes,28G - 1cc,Other,,Diabetes,False,False,,,,,$16 for a box of 100,Rx Outreach,nonprofit_mail_order,True
Insulin Syringes,31G - 1/2cc,Other,,Diabetes,False,False,,,,,$13 for a box of 100,Rx Outreach,nonprofit_mail_order,True
Insulin Syringes,31G - 1/3cc.,Other,,Diabetes,False,False,,,,,$16 for a box of 100,Rx Outreach,nonprofit_mail_order,True
Ipratropium/Albuterol Inhalation Solution,0.5-3(2.5)mg/3mL vial,Inhalation Solution,DuoNeb,Respiratory Disease / COPD,False,False,,25.0,,,$25 for up to 90 vials,Rx Outreach,nonprofit_mail_order,True
Irbesartan Tablet,150mg,Tablet,Avapro,Blood Pressure / Heart / Cardiovascular,False,False,12.0,22.0,0.4,$12 for 30 days$22 for 90 days,,Rx Outreach,nonprofit_mail_order,True
Irbesartan Tablet,300mg,Tablet,Avapro,Blood Pressure / Heart / Cardiovascular,False,False,12.0,22.0,0.4,$12 for 30 days$22 for 90 days,,Rx Outreach,nonprofit_mail_order,True
Irbesartan Tablet,75mg,Tablet,Avapro,Blood Pressure / Heart / Cardiovascular,False,False,12.0,22.0,0.4,$12 for 30 days$22 for 90 days,,Rx Outreach,nonprofit_mail_order,True
Irbesartan/HCTZ Tablet,150mg/12.5mg,Tablet,Avalide,Blood Pressure / Fluid Retention / Cardiovascular,False,False,12.0,25.0,0.4,$12 for 30 days$25 for 90 days,,Rx Outreach,nonprofit_mail_order,True
Irbesartan/HCTZ Tablet,300mg/12.5mg,Tablet,Avalide,Blood Pressure / Fluid Retention / Cardiovascular,False,False,14.0,30.0,0.4667,$14 for 30 days$30 for 90 days,,Rx Outreach,nonprofit_mail_order,True
Isosorbide Dinitrate Tablet,10mg,Tablet,Isordil,Chest Pain / Heart / Cardiovascular,False,False,,18.0,,,$18 for up to 90 tablets,Rx Outreach,nonprofit_mail_order,True
Isosorbide Dinitrate Tablet,20mg,Tablet,Isordil,Chest Pain / Heart / Cardiovascular,False,False,,18.0,,,$18 for up to 90 tablets,Rx Outreach,nonprofit_mail_order,True
Isosorbide Dinitrate Tablet,30mg,Tablet,Isordil,Chest Pain / Heart / Cardiovascular,False,False,,18.0,,,$18 for up to 90 tablets,Rx Outreach,nonprofit_mail_order,True
Isosorbide Dinitrate Tablet,5mg,Tablet,Isordil,Chest Pain / Heart / Cardiovascular,False,False,,18.0,,,$18 for up to 90 tablets,Rx Outreach,nonprofit_mail_order,True
Isosorbide Mononitrate ER Tablet,120mg,Tablet,Imdur | Monoket,Chest Pain / Heart / Cardiovascular,False,False,11.0,20.0,0.3667,,$11 for up to 30 tablets$20 for up to 90 tablets,Rx Outreach,nonprofit_mail_order,True
Isosorbide Mononitrate ER Tablet,30mg,Tablet,Imdur | Monoket,Chest Pain / Heart / Cardiovascular,False,False,9.0,15.0,0.3,,$9 for up to 30 tablets$15 for up to 90 tablets,Rx Outreach,nonprofit_mail_order,True
Isosorbide Mononitrate ER Tablet,60mg,Tablet,Imdur | Monoket,Chest Pain / Heart / Cardiovascular,False,False,9.0,15.0,0.3,,$9 for up to 30 tablets$15 for up to 90 tablets,Rx Outreach,nonprofit_mail_order,True
Ivermectin Tablet,3mg,Tablet,Stromectol,Antiparisitic,False,False,35.0,,1.1667,,$35 for 1 pack of 20 tablets,Rx Outreach,nonprofit_mail_order,True
Jolessa® (Levonorgestrel-Ethinyl Estradiol) Tablet Pack,0.15mg/0.03mg,Tablet,Seasonale,Women's Health / Birth Control / Contraceptive,False,False,20.0,,0.6667,,$20 per pack of 91 tablets,Rx Outreach,nonprofit_mail_order,True
Ketoconazole Creamtube,2%,Cream,Nizoral,Antifungal,False,False,18.0,,,,$18 per tube,Rx Outreach,nonprofit_mail_order,True
Ketoconazole ShampooBottle,2%,Other,Nizoral,Antifungal,False,False,25.0,,,,$25 per bottle,Rx Outreach,nonprofit_mail_order,True
Ketoconazole Tablet,200mg,Tablet,Nizoral,Antifungal,False,False,25.0,45.0,0.8333,,$25 for up to 30 tablets$10 for up to each additional 30 tablets,Rx Outreach,nonprofit_mail_order,True
Ketotifen Fumerate Solution,0.035%/5mL (no prescription required),Solution,Alaway | Zaditor | Zyrtec Itchy Eye | Claritin Eye,Allergies / Eye,False,True,9.0,,,,$9 per dropper,Rx Outreach,nonprofit_mail_order,True
Kurvelo Tablet Pack,0.15mg/30mcg,Tablet,Alesse | Lutera | Aubra | Aviane | Larissia | Portia | Sronyx | Lessina,Women's Health / Birth Control / Contraceptive,False,False,6.67,20.0,0.2223,,$20 for up to 3 packs of 28 tablets,Rx Outreach,nonprofit_mail_order,True
Labetalol HCL Tablet,100mg,Tablet,Trandate | Normodyne,Blood Pressure / Heart / Cardiovascular,False,False,14.0,20.0,0.4667,$14 for 30 days$20 for 90 days,,Rx Outreach,nonprofit_mail_order,True
Labetalol HCL Tablet,200mg,Tablet,Trandate | Normodyne,Blood Pressure / Heart / Cardiovascular,False,False,14.0,20.0,0.4667,$14 for 30 days$20 for 90 days,,Rx Outreach,nonprofit_mail_order,True
Labetalol HCL Tablet,300mg,Tablet,Trandate | Normodyne,Blood Pressure / Heart / Cardiovascular,False,False,14.0,20.0,0.4667,$14 for 30 days$20 for 90 days,,Rx Outreach,nonprofit_mail_order,True
Lacosamide Tablet,100mg,Tablet,Vimpat,Epilepsy,True,False,,45.0,,,$45 for up to 90 tablets,Rx Outreach,nonprofit_mail_order,True
Lacosamide Tablet,150mg,Tablet,Vimpat,Epilepsy,True,False,,45.0,,,$45 for up to 90 tablets,Rx Outreach,nonprofit_mail_order,True
Lacosamide Tablet,200mg,Tablet,Vimpat,Epilepsy,True,False,,45.0,,,$45 for up to 90 tablets,Rx Outreach,nonprofit_mail_order,True
Lacosamide Tablet,50mg,Tablet,Vimpat,Epilepsy,True,False,,35.0,,,$35 for up to 90 tablets,Rx Outreach,nonprofit_mail_order,True
Lactulose Oral Solution,10gm/15mL (473ml),Solution,Enulose | Constulose | Generlac,Constipation,False,False,10.0,,,,$10 per bottle,Rx Outreach,nonprofit_mail_order,True
Lamivudine Tablet,300mg,Tablet,Epivir,Antiviral / HIV,False,False,35.0,85.0,1.1667,,$35 for up to 30 tablets$25 for up to each additional 30 tablets,Rx Outreach,nonprofit_mail_order,True
Lamivudine/Zidovudine Tablet,150/300mg,Tablet,Combivir,Antiviral / HIV,False,False,15.0,,0.5,,$30 for up to 60 tablets$20 for up to each additional 60 tablets,Rx Outreach,nonprofit_mail_order,True
Lamotrigine ER Tablet,100mg,Tablet,Lamictal XR,Seizures / Epilepsy / Bipolar Disorder,False,False,20.0,30.0,0.6667,,$20 for up to 30 tablets$5 for up to each additional 30 tablets,Rx Outreach,nonprofit_mail_order,True
Lamotrigine ER Tablet,200mg,Tablet,Lamictal XR,Seizures / Epilepsy / Bipolar Disorder,False,False,20.0,40.0,0.6667,,$20 for up to 30 tablets$10 for up to each additional 30 tablets,Rx Outreach,nonprofit_mail_order,True
Lamotrigine ER Tablet,25mg,Tablet,Lamictal XR,Seizures / Epilepsy / Bipolar Disorder,False,False,20.0,30.0,0.6667,,$20 for up to 30 tablets$5 for up to each additional 30 tablets,Rx Outreach,nonprofit_mail_order,True
Lamotrigine ER Tablet,50mg,Tablet,Lamictal XR,Seizures / Epilepsy / Bipolar Disorder,False,False,20.0,30.0,0.6667,,$20 for up to 30 tablets$5 for up to each additional 30 tablets,Rx Outreach,nonprofit_mail_order,True
Lamotrigine Tablet,100mg,Tablet,Lamictal,Seizures / Epilepsy / Bipolar Disorder,False,False,14.0,30.0,0.4667,$14 for 30 days$30 for 90 days,,Rx Outreach,nonprofit_mail_order,True
Lamotrigine Tablet,150mg,Tablet,Lamictal,Seizures / Epilepsy / Bipolar Disorder,False,False,14.0,30.0,0.4667,$14 for 30 days$30 for 90 days,,Rx Outreach,nonprofit_mail_order,True
Lamotrigine Tablet,200mg,Tablet,Lamictal,Seizures / Epilepsy / Bipolar Disorder,False,False,14.0,30.0,0.4667,$14 for 30 days$30 for 90 days,,Rx Outreach,nonprofit_mail_order,True
Lamotrigine Tablet,25mg,Tablet,Lamictal,Seizures / Epilepsy / Bipolar Disorder,False,False,14.0,30.0,0.4667,$14 for 30 days$30 for 90 days,,Rx Outreach,nonprofit_mail_order,True
LancetsTwist Top (Prodigy®),Box of 100 (minimum order - 2 boxes),Other,,Diabetes,False,False,5.0,,,,$5 per box - minimum order $10 (no prescription required),Rx Outreach,nonprofit_mail_order,True
Lanoxin® Tablet,0.0625mg,Tablet,Digoxin | Digitek,Heart / Cardiovascular,False,False,45.0,57.0,1.5,,$45 for up to 30 tablets$6 for up to each additional 30 tablets,Rx Outreach,nonprofit_mail_order,True
Lanoxin® Tablet,0.125mg,Tablet,Digoxin | Digitek,Heart / Cardiovascular,False,False,45.0,57.0,1.5,,$45 for up to 30 tablets$6 for up to each additional 30 tablets,Rx Outreach,nonprofit_mail_order,True
Lanoxin® Tablet,0.25mg,Tablet,Digoxin | Digitek,Heart / Cardiovascular,False,False,45.0,57.0,1.5,,$45 for up to 30 tablets$6 for up to each additional 30 tablets,Rx Outreach,nonprofit_mail_order,True
Lansoprazole DR Capsule,30mg,Capsule,Prevacid,Heartburn / Acid Reflux / Ulcers,False,False,15.0,21.0,0.5,,$15 for up to 30 capsules$3 for up to each additional 30 capsules,Rx Outreach,nonprofit_mail_order,True
Lanthanum Carbonate Tablet,500mg chewable,Tablet,Fosrenol,High Phosphorus / Kidney Disease,False,False,50.0,,1.6667,,$50 for up to 30 tablets,Rx Outreach,nonprofit_mail_order,True
Latanoprost Solution 2.5ml dropper,0.005%,Solution,Xalatan,Glaucoma / Eye,False,False,15.0,,,,$15 per dropper,Rx Outreach,nonprofit_mail_order,True
Leflunomide Tablet,10mg,Tablet,Arava,Immunosuppressant / Rheumatoid Arthritis,False,False,12.0,20.0,0.4,,$12 for up to 30 tablets$4 for up to each additional 30 tablets,Rx Outreach,nonprofit_mail_order,True
Leflunomide Tablet,20mg,Tablet,Arava,Immunosuppressant / Rheumatoid Arthritis,False,False,12.0,20.0,0.4,,$12 for up to 30 tablets$4 for up to each additional 30 tablets,Rx Outreach,nonprofit_mail_order,True
Letrozole Tablet,2.5mg,Tablet,Femara,Cancer,False,False,14.0,30.0,0.4667,$14 for 30 days$30 for 90 days,,Rx Outreach,nonprofit_mail_order,True
Leucovorin Calcium Tablet,10mg,Tablet,Wellcovorin,Antidote,False,False,45.0,,1.5,,$45 for up to 30 tablets,Rx Outreach,nonprofit_mail_order,True
Leucovorin Calcium Tablet,15mg,Tablet,Wellcovorin,Antidote,False,False,45.0,,1.5,,$45 for up to 30 tablets,Rx Outreach,nonprofit_mail_order,True
Leucovorin Calcium Tablet,25mg,Tablet,Wellcovorin,Antidote,False,False,45.0,95.0,1.5,,$45 for up to 30 tablets$25 for up to each additional 30 tablets,Rx Outreach,nonprofit_mail_order,True
Leucovorin Calcium Tablet,5mg,Tablet,Wellcovorin,Antidote,False,False,25.0,45.0,0.8333,,$25 for up to 30 tablets$10 for up to each additional 30 tablets,Rx Outreach,nonprofit_mail_order,True
Levalbuterol Solution,1.25mg/3mL,Solution,Xopenex,Asthma,False,False,30.0,,,,$30 for up to 30 vials,Rx Outreach,nonprofit_mail_order,True
Levetiracetam ER Tablet,500mg,Tablet,Keppra XR,Seizures / Epilepsy,False,False,12.5,,0.4167,,$25 for up to 60 tablets,Rx Outreach,nonprofit_mail_order,True
Levetiracetam ER Tablet,750mg,Tablet,Keppra XR,Seizures / Epilepsy,False,False,12.5,,0.4167,,$25 for up to 60 tablets,Rx Outreach,nonprofit_mail_order,True
Levetiracetam Tablet,1000mg,Tablet,Keppra,Seizures / Epilepsy,False,False,11.0,20.0,0.3667,,$11 for up to 30 tablets$20 for up to 90 tablets,Rx Outreach,nonprofit_mail_order,True
Levetiracetam Tablet,250mg,Tablet,Keppra,Seizures / Epilepsy,False,False,12.0,15.0,0.4,$12 for 30 days$15 for 90 days,,Rx Outreach,nonprofit_mail_order,True
Levetiracetam Tablet,500mg,Tablet,Keppra,Seizures / Epilepsy,False,False,20.0,47.0,0.6667,$20 for 30 days$47 for 90 days,,Rx Outreach,nonprofit_mail_order,True
Levetiracetam Tablet,750mg,Tablet,Keppra,Seizures / Epilepsy,False,False,20.0,47.0,0.6667,$20 for 30 days$47 for 90 days,,Rx Outreach,nonprofit_mail_order,True
Levocetirizine  Tablet,5mg,Tablet,Xyzal,Allergies,False,False,12.0,15.0,0.4,$12 for 30 days$15 for 90 days,,Rx Outreach,nonprofit_mail_order,True
Levothyroxine Tablet,100mcg,Tablet,Levoxyl | Synthroid | Levothroid | Unithroid | Tirosint,Thyroid,False,False,10.0,20.0,0.3333,$10 for 30 days$20 for 90 days,,Rx Outreach,nonprofit_mail_order,True
Levothyroxine Tablet,112mcg,Tablet,Levoxyl | Synthroid | Levothroid | Unithroid | Tirosint,Thyroid,False,False,10.0,20.0,0.3333,$10 for 30 days$20 for 90 days,,Rx Outreach,nonprofit_mail_order,True
Levothyroxine Tablet,125mcg,Tablet,Levoxyl | Synthroid | Levothroid | Unithroid | Tirosint,Thyroid,False,False,12.0,15.0,0.4,$12 for 30 days$15 for 90 days,,Rx Outreach,nonprofit_mail_order,True
Levothyroxine Tablet,137mcg,Tablet,Levoxyl | Synthroid | Levothroid | Unithroid | Tirosint,Thyroid,False,False,12.0,15.0,0.4,$12 for 30 days$15 for 90 days,,Rx Outreach,nonprofit_mail_order,True
Levothyroxine Tablet,150mcg,Tablet,Levoxyl | Synthroid | Levothroid | Unithroid | Tirosint,Thyroid,False,False,12.0,15.0,0.4,$12 for 30 days$15 for 90 days,,Rx Outreach,nonprofit_mail_order,True
Levothyroxine Tablet,175mcg,Tablet,Levoxyl | Synthroid | Levothroid | Unithroid | Tirosint,Thyroid,False,False,12.0,15.0,0.4,$12 for 30 days$15 for 90 days,,Rx Outreach,nonprofit_mail_order,True
Levothyroxine Tablet,200mcg,Tablet,Levoxyl | Synthroid | Levothroid | Unithroid | Tirosint,Thyroid,False,False,12.0,15.0,0.4,$12 for 30 days$15 for 90 days,,Rx Outreach,nonprofit_mail_order,True
Levothyroxine Tablet,25mcg,Tablet,Levoxyl | Synthroid | Levothroid | Unithroid | Tirosint,Thyroid,False,False,12.0,15.0,0.4,$12 for 30 days$15 for 90 days,,Rx Outreach,nonprofit_mail_order,True
Levothyroxine Tablet,300mcg,Tablet,Levoxyl | Synthroid | Levothroid | Unithroid | Tirosint,Thyroid,False,False,12.0,15.0,0.4,$12 for 30 days$15 for 90 days,,Rx Outreach,nonprofit_mail_order,True
Levothyroxine Tablet,50mcg,Tablet,Levoxyl | Synthroid | Levothroid | Unithroid | Tirosint,Thyroid,False,False,10.0,20.0,0.3333,$10 for 30 days$20 for 90 days,,Rx Outreach,nonprofit_mail_order,True
Levothyroxine Tablet,75mcg,Tablet,Levoxyl | Synthroid | Levothroid | Unithroid | Tirosint,Thyroid,False,False,10.0,20.0,0.3333,$10 for 30 days$20 for 90 days,,Rx Outreach,nonprofit_mail_order,True
Levothyroxine Tablet,88mcg,Tablet,Levoxyl | Synthroid | Levothroid | Unithroid | Tirosint,Thyroid,False,False,10.0,20.0,0.3333,$10 for 30 days$20 for 90 days,,Rx Outreach,nonprofit_mail_order,True
Lidocaine 5% Patch,5% of lidocaine per patch,Patch,Lidoderm,Pain,False,False,,,,,$60 for box of 30 patches,Rx Outreach,nonprofit_mail_order,True
Lidocaine Viscous Solution,2%,Solution,Xylocaine | Viscous 2%,Oral Health / Pain,False,False,15.0,,,,$15 per bottle,Rx Outreach,nonprofit_mail_order,True
Liothyronine Sodium Tablet,25mcg,Tablet,Cytomel,Thyroid,False,False,15.0,25.0,0.5,,$15 for up to 30 tablets$25 for up to 90 tablets,Rx Outreach,nonprofit_mail_order,True
Liothyronine Sodium Tablet,5mcg,Tablet,Cytomel,Thyroid,False,False,15.0,25.0,0.5,,$15 for up to 30 tablets$25 for up to 90 tablets,Rx Outreach,nonprofit_mail_order,True
Liraglutide Injection (2 pens),18mg/3mL,Injection,Victoza,Diabetes,False,False,210.0,,,,$210 per box of 2 pens,Rx Outreach,nonprofit_mail_order,True
Lisdexamfetamine Capsule,10mg,Capsule,Vyvanse,Mental Health / ADHD / Eating Disorder,True,False,90.0,,3.0,,$90 for up to 30 capsules(30 day supply only),Rx Outreach,nonprofit_mail_order,True
Lisdexamfetamine Capsule,20mg,Capsule,Vyvanse,Mental Health / ADHD / Eating Disorder,True,False,90.0,,3.0,,$90 for up to 30 capsules(30 day supply only),Rx Outreach,nonprofit_mail_order,True
Lisdexamfetamine Capsule,30mg,Capsule,Vyvanse,Mental Health / ADHD / Eating Disorder,True,False,90.0,210.0,3.0,,$90 for up to 30 capsules$60 for up to each additional 30 capsules(30 day supply only),Rx Outreach,nonprofit_mail_order,True
Lisdexamfetamine Capsule,40mg,Capsule,Vyvanse,Mental Health / ADHD / Eating Disorder,True,False,90.0,,3.0,,$90 for up to 30 capsules(30 day supply only),Rx Outreach,nonprofit_mail_order,True
Lisdexamfetamine Capsule,50mg,Capsule,Vyvanse,Mental Health / ADHD / Eating Disorder,True,False,155.0,,5.1667,,$155 for up to 30 capsules(30 day supply only),Rx Outreach,nonprofit_mail_order,True
Lisdexamfetamine Capsule,60mg,Capsule,Vyvanse,Mental Health / ADHD / Eating Disorder,True,False,110.0,,3.6667,,$110 for up to 30 capsules(30 day supply only),Rx Outreach,nonprofit_mail_order,True
Lisdexamfetamine Capsule,70mg,Capsule,Vyvanse,Mental Health / ADHD / Eating Disorder,True,False,110.0,,3.6667,,$110 for up to 30 capsules(30 day supply only),Rx Outreach,nonprofit_mail_order,True
Lisinopril Tablet,10mg,Tablet,Zestril | Prinivil,Blood Pressure / Heart / Cardiovascular,False,False,8.0,10.0,0.2667,$8 for 30 days$10 for 90 days,,Rx Outreach,nonprofit_mail_order,True
Lisinopril Tablet,2.5mg,Tablet,Zestril | Prinivil,Blood Pressure / Heart / Cardiovascular,False,False,8.0,10.0,0.2667,$8 for 30 days$10 for 90 days,,Rx Outreach,nonprofit_mail_order,True
Lisinopril Tablet,20mg,Tablet,Zestril | Prinivil,Blood Pressure / Heart / Cardiovascular,False,False,8.0,10.0,0.2667,$8 for 30 days$10 for 90 days,,Rx Outreach,nonprofit_mail_order,True
Lisinopril Tablet,30mg,Tablet,Zestril | Prinivil,Blood Pressure / Heart / Cardiovascular,False,False,8.0,10.0,0.2667,$8 for 30 days$10 for 90 days,,Rx Outreach,nonprofit_mail_order,True
Lisinopril Tablet,40mg,Tablet,Zestril | Prinivil,Blood Pressure / Heart / Cardiovascular,False,False,8.0,10.0,0.2667,$8 for 30 days$10 for 90 days,,Rx Outreach,nonprofit_mail_order,True
Lisinopril Tablet,5mg,Tablet,Zestril | Prinivil,Blood Pressure / Heart / Cardiovascular,False,False,8.0,10.0,0.2667,$8 for 30 days$10 for 90 days,,Rx Outreach,nonprofit_mail_order,True
Lisinopril/HCTZ Tablet,10/12.5mg,Tablet,Zestoretic | Prinzide,Blood Pressure / Fluid Retention / Cardiovascular,False,False,8.0,10.0,0.2667,$8 for 30 days$10 for 90 days,,Rx Outreach,nonprofit_mail_order,True
Lisinopril/HCTZ Tablet,20/12.5mg,Tablet,Zestoretic | Prinzide,Blood Pressure / Fluid Retention / Cardiovascular,False,False,8.0,10.0,0.2667,$8 for 30 days$10 for 90 days,,Rx Outreach,nonprofit_mail_order,True
Lisinopril/HCTZ Tablet,20/25mg,Tablet,Zestoretic | Prinzide,Blood Pressure / Fluid Retention / Cardiovascular,False,False,8.0,10.0,0.2667,$8 for 30 days$10 for 90 days,,Rx Outreach,nonprofit_mail_order,True
Lithium Carbonate Capsule,150mg,Capsule,Eskalith,Mental Health / Bipolar Disorder,False,False,30.0,,1.0,,$30 for up to 270 capsules,Rx Outreach,nonprofit_mail_order,True
Lithium Carbonate Capsule,300mg,Capsule,Eskalith,Mental Health / Bipolar Disorder,False,False,30.0,,1.0,,$30 for up to 270 capsules,Rx Outreach,nonprofit_mail_order,True
Lithium Carbonate ER Tablet,300mg,Tablet,Lithobid ER | Eskalith | CR,Mental Health / Bipolar Disorder,False,False,16.0,25.0,0.5333,$16 for 30 days$25 for 90 days,,Rx Outreach,nonprofit_mail_order,True
Lithium Carbonate ER Tablet,450mg,Tablet,Eskalith CR,Mental Health / Bipolar Disorder,False,False,16.0,25.0,0.5333,$16 for 30 days$25 for 90 days,,Rx Outreach,nonprofit_mail_order,True
Loperamide Capsule,2mg,Capsule,Imodium,Diarrhea,False,False,9.0,,0.3,,$9 for up to 30 capsules,Rx Outreach,nonprofit_mail_order,True
Loratadine Tablet,10mg (no prescription required),Tablet,Claritin | OTC | Alavert,Allergies,False,True,10.0,,0.3333,,$10 per bottle of 100 tablets (minimum of 2 bottles),Rx Outreach,nonprofit_mail_order,True
Lorazepam Tablet,0.5mg,Tablet,Ativan,Mental Health / Anxiety / Insomnia / Alcohol Dependence / Nausea,True,False,12.0,25.0,0.4,$12 for 30 days$25 for 90 days,,Rx Outreach,nonprofit_mail_order,True
Lorazepam Tablet,1mg,Tablet,Ativan,Mental Health / Anxiety / Insomnia / Alcohol Dependence / Nausea,True,False,14.0,30.0,0.4667,$14 for 30 days$30 for 90 days,,Rx Outreach,nonprofit_mail_order,True
Lorazepam Tablet,2mg,Tablet,Ativan,Mental Health / Anxiety / Insomnia / Alcohol Dependence / Nausea,True,False,10.0,15.0,0.3333,$10 for 30 days$15 for 90 days,,Rx Outreach,nonprofit_mail_order,True
Losartan Potassium Tablet,100mg,Tablet,Cozaar,Blood Pressure / Heart / Cardiovascular,False,False,12.0,22.0,0.4,$12 for 30 days$22 for 90 days,,Rx Outreach,nonprofit_mail_order,True
Losartan Potassium Tablet,25mg,Tablet,Cozaar,Blood Pressure / Heart / Cardiovascular,False,False,12.0,22.0,0.4,$12 for 30 days$22 for 90 days,,Rx Outreach,nonprofit_mail_order,True
Losartan Potassium Tablet,50mg,Tablet,Cozaar,Blood Pressure / Heart / Cardiovascular,False,False,12.0,22.0,0.4,$12 for 30 days$22 for 90 days,,Rx Outreach,nonprofit_mail_order,True
Losartan/HCTZ Tablet,100/12.5mg,Tablet,Hyzaar,Blood Pressure / Fluid Retention / Cardiovascular,False,False,12.0,20.0,0.4,$12 for 30 days$20 for 90 days,,Rx Outreach,nonprofit_mail_order,True
Losartan/HCTZ Tablet,100/25mg,Tablet,Hyzaar,Blood Pressure / Fluid Retention / Cardiovascular,False,False,12.0,25.0,0.4,$12 for 30 days$25 for 90 days,,Rx Outreach,nonprofit_mail_order,True
Losartan/HCTZ Tablet,50/12.5mg,Tablet,Hyzaar,Blood Pressure / Fluid Retention / Cardiovascular,False,False,12.0,20.0,0.4,$12 for 30 days$20 for 90 days,,Rx Outreach,nonprofit_mail_order,True
Lovastatin Tablet,10mg,Tablet,Mevacor,Heart / Cholesterol,False,False,8.0,10.0,0.2667,$8 for 30 days$10 for 90 days,,Rx Outreach,nonprofit_mail_order,True
Lovastatin Tablet,20mg,Tablet,Mevacor,Heart / Cholesterol,False,False,8.0,10.0,0.2667,$8 for 30 days$10 for 90 days,,Rx Outreach,nonprofit_mail_order,True
Lovastatin Tablet,40mg,Tablet,Mevacor,Heart / Cholesterol,False,False,8.0,10.0,0.2667,$8 for 30 days$10 for 90 days,,Rx Outreach,nonprofit_mail_order,True
Loxapine Capsule,10mg,Capsule,Loxitane,Mental Health / Schizophrenia,False,False,10.5,,0.35,,$21 for up to 60 capsules,Rx Outreach,nonprofit_mail_order,True
Loxapine Capsule,25mg,Capsule,Loxitane,Mental Health / Schizophrenia,False,False,17.5,,0.5833,,$35 for up to 60 capsules,Rx Outreach,nonprofit_mail_order,True
Loxapine Capsule,50mg,Capsule,Loxitane,Mental Health / Schizophrenia,False,False,17.5,,0.5833,,$35 for up to 60 capsules,Rx Outreach,nonprofit_mail_order,True
Loxapine Capsule,5mg,Capsule,Loxitane,Mental Health / Schizophrenia,False,False,17.5,,0.5833,,$35 for up to 60 capsules,Rx Outreach,nonprofit_mail_order,True
Lubiprostone Capsule,24mcg,Capsule,Amitiza,Irritable Bowel Syndrome,False,False,20.5,,0.6833,,$41 for up to 60 capsules,Rx Outreach,nonprofit_mail_order,True
Lubiprostone Capsule,8mcg,Capsule,Amitiza,Irritable Bowel Syndrome,False,False,20.5,,0.6833,,$41 for up to 60 capsules,Rx Outreach,nonprofit_mail_order,True
Lurasidone Tablet,120mg,Tablet,Latuda,Mental Health / Schizophrenia / Bipolar Disorder,False,False,,40.0,,,$40 for up to 90 tablets$20 for up to each additional 90 tablets,Rx Outreach,nonprofit_mail_order,True
Lurasidone Tablet,20mg,Tablet,Latuda,Mental Health / Schizophrenia / Bipolar Disorder,False,False,,40.0,,,$40 for up to 90 tablets$20 for up to each additional 90 tablets,Rx Outreach,nonprofit_mail_order,True
Lurasidone Tablet,40mg,Tablet,Latuda,Mental Health / Schizophrenia / Bipolar Disorder,False,False,,40.0,,,$40 for up to 90 tablets$20 for up to each additional 90 tablets,Rx Outreach,nonprofit_mail_order,True
Lurasidone Tablet,60mg,Tablet,Latuda,Mental Health / Schizophrenia / Bipolar Disorder,False,False,,40.0,,,$40 for up to 90 tablets$20 for up to each additional 90 tablets,Rx Outreach,nonprofit_mail_order,True
Lurasidone Tablet,80mg,Tablet,Latuda,Mental Health / Schizophrenia / Bipolar Disorder,False,False,,40.0,,,$40 for up to 90 tablets$20 for up to each additional 90 tablets,Rx Outreach,nonprofit_mail_order,True
Magnesium Oxide Tablet,400mg (no prescription required),Tablet,MaxOx | Uro-Mag,Vitamins / Minerals,False,True,8.0,,0.2667,,$8 for a bottle of 120,Rx Outreach,nonprofit_mail_order,True
Meclizine HCL Tablet,12.5mg,Tablet,Antivert | Dramamine II | Meclicot | Meni-D | Bonine,Nausea / Vertigo,False,False,12.0,15.0,0.4,$12 for 30 days$15 for 90 days,,Rx Outreach,nonprofit_mail_order,True
Meclizine HCL Tablet,25mg,Tablet,Antivert | Dramamine II | Meclicot | Meni-D | Bonine,Nausea / Vertigo,False,False,12.0,15.0,0.4,$12 for 30 days$15 for 90 days,,Rx Outreach,nonprofit_mail_order,True
Medroxyprogesterone Tablet,10mg,Tablet,Provera,Women's Health / Hormones,False,False,10.0,20.0,0.3333,$10 for 30 days$20 for 90 days,,Rx Outreach,nonprofit_mail_order,True
Medroxyprogesterone Tablet,2.5mg,Tablet,Provera,Women's Health / Hormones,False,False,10.0,20.0,0.3333,$10 for 30 days$20 for 90 days,,Rx Outreach,nonprofit_mail_order,True
Medroxyprogesterone Tablet,5mg,Tablet,Provera,Women's Health / Hormones,False,False,10.0,20.0,0.3333,$10 for 30 days$20 for 90 days,,Rx Outreach,nonprofit_mail_order,True
Melatonin Tablet,5mg,Tablet,,Sleep Aid,False,True,7.0,,0.2333,,$7 per bottle of 60 (minimum of 2 bottles),Rx Outreach,nonprofit_mail_order,True
Meloxicam Tablet,15mg,Tablet,Mobic | Vivlodex,Pain / Arthritis,False,False,12.0,20.0,0.4,$12 for 30 days$20 for 90 days,,Rx Outreach,nonprofit_mail_order,True
Meloxicam Tablet,7.5mg,Tablet,Mobic | Vivlodex,Pain / Arthritis,False,False,10.0,12.0,0.3333,$10 for 30 days$12 for 90 days,,Rx Outreach,nonprofit_mail_order,True
Memantine ER Capsule,14mg,Capsule,Namenda XR,Alzheimer's / Dementia,False,False,,25.0,,,$25 for up to 90 Capsules,Rx Outreach,nonprofit_mail_order,True
Memantine ER Capsule,21mg,Capsule,Namenda XR,Alzheimer's / Dementia,False,False,,25.0,,,$25 for up to 90 Capsules,Rx Outreach,nonprofit_mail_order,True
Memantine ER Capsule,28mg,Capsule,Namenda XR,Alzheimer's / Dementia,False,False,,25.0,,,$25 for up to 90 Capsules,Rx Outreach,nonprofit_mail_order,True
Memantine ER Capsule,7mg,Capsule,Namenda XR,Alzheimer's / Dementia,False,False,,25.0,,,$25 for up to 90 Capsules,Rx Outreach,nonprofit_mail_order,True
Memantine HCL Tablet,10mg,Tablet,Namenda,Alzheimer's / Dementia,False,False,7.5,,0.25,,$15 for up to 60 tablets,Rx Outreach,nonprofit_mail_order,True
Memantine HCL Tablet,5mg,Tablet,Namenda,Alzheimer's / Dementia,False,False,7.5,,0.25,,$15 for up to 60 tablets,Rx Outreach,nonprofit_mail_order,True
Meprobamate Tablet,200mg,Tablet,Equanil,Mental Health / Anxiety,True,False,0.0,0.0,,,$0 for up to 90 daysSupported through a partnership for a limited time,Rx Outreach,nonprofit_mail_order,True
Meprobamate Tablet,400mg,Tablet,Equanil,Mental Health / Anxiety,True,False,0.0,0.0,,,$0 for up to 90 daysSupported through a partnership for a limited time,Rx Outreach,nonprofit_mail_order,True
Mesalamine DR Tablet,1.2gm,Tablet,Lialda,Ulcerative Colitis,False,False,25.0,,0.8333,,$50 for up to 60 tablets,Rx Outreach,nonprofit_mail_order,True
Mesalamine Rectal Suppository,1000mg,Suppository,Canasa,Ulcerative Colitis,False,False,40.0,,,,$40 for 1 pack of 30 suppositories$20 for up to each additional pack of 30 suppositories,Rx Outreach,nonprofit_mail_order,True
Metformin HCL ER Tablet,1000mg,Tablet,Fortamet,Diabetes,False,False,20.0,30.0,0.6667,,$20 for up to 30 tablets$5 for up to each additional 30 tablets,Rx Outreach,nonprofit_mail_order,True
Metformin HCL ER Tablet,500mg,Tablet,Glucophage XR | Glumetza | Fortamet,Diabetes,False,False,11.0,14.0,0.3667,$11 for 30 days$14 for 90 days,,Rx Outreach,nonprofit_mail_order,True
Metformin HCL ER Tablet,750mg,Tablet,Glucophage XR | Glumetza | Fortamet,Diabetes,False,False,11.0,14.0,0.3667,$11 for 30 days$14 for 90 days,,Rx Outreach,nonprofit_mail_order,True
Metformin HCL Tablet,1000mg,Tablet,Glucophage,Diabetes,False,False,11.0,14.0,0.3667,$11 for 30 days$14 for 90 days,,Rx Outreach,nonprofit_mail_order,True
Metformin HCL Tablet,500mg,Tablet,Glucophage,Diabetes,False,False,11.0,14.0,0.3667,$11 for 30 days$14 for 90 days,,Rx Outreach,nonprofit_mail_order,True
Metformin HCL Tablet,850mg,Tablet,Glucophage,Diabetes,False,False,11.0,14.0,0.3667,$11 for 30 days$14 for 90 days,,Rx Outreach,nonprofit_mail_order,True
Methimazole Tablet,10mg,Tablet,Northyx,Antithyroid,False,False,15.0,25.0,0.5,,$15 for up to 30 tablets$5 for up to each additional 30 tablets,Rx Outreach,nonprofit_mail_order,True
Methimazole Tablet,5mg,Tablet,Northyx,Antithyroid,False,False,10.0,20.0,0.3333,,$10 for up to 30 tablets$5 for up to each additional 30 tablets,Rx Outreach,nonprofit_mail_order,True
Methocarbamol Tablet,500mg,Tablet,Robaxin,Muscle Relaxer,False,False,9.0,15.0,0.3,,$9 for up to 30 tablets$15 for up to 90 tablets,Rx Outreach,nonprofit_mail_order,True
Methocarbamol Tablet,750mg,Tablet,Robaxin,Muscle Relaxer,False,False,9.0,15.0,0.3,,$9 for up to 30 tablets$15 for up to 90 tablets,Rx Outreach,nonprofit_mail_order,True
Methotrexate Tablet,2.5mg,Tablet,Rheumatrex | MTX,Cancer / Rheumatoid Arthritis / Psoriasis,False,False,12.0,,0.4,,$12 per 12 tablets,Rx Outreach,nonprofit_mail_order,True
Methylphenidate CD Capsule,20mg,Capsule,Metadate CD,Mental Health / ADHD,True,False,75.0,,2.5,,$75 for up to 30 capsules(30-day supply only),Rx Outreach,nonprofit_mail_order,True
Methylphenidate CD Capsule,30mg,Capsule,Metadate CD,Mental Health / ADHD,True,False,75.0,,2.5,,$75 for up to 30 capsules(30-day supply only),Rx Outreach,nonprofit_mail_order,True
Methylphenidate CD Capsule,40mg,Capsule,Metadate CD,Mental Health / ADHD,True,False,95.0,,3.1667,,$95 for up to 30 capsules(30-day supply only),Rx Outreach,nonprofit_mail_order,True
Methylphenidate LA Capsule,10mg,Capsule,Ritalin | LA,Mental Health / ADHD,True,False,85.0,,2.8333,,$85 for up to 30 capsules(30-day supply only),Rx Outreach,nonprofit_mail_order,True
Methylphenidate LA Capsule,20mg,Capsule,Ritalin | LA,Mental Health / ADHD,True,False,115.0,,3.8333,,$115 for up to 30 capsules(30-day supply only),Rx Outreach,nonprofit_mail_order,True
Methylphenidate LA Capsule,30mg,Capsule,Ritalin | LA,Mental Health / ADHD,True,False,115.0,,3.8333,,$115 for up to 30 capsules(30-day supply only),Rx Outreach,nonprofit_mail_order,True
Methylphenidate LA Capsule,40mg,Capsule,Ritalin | LA,Mental Health / ADHD,True,False,115.0,,3.8333,,$115 for up to 30 capsules(30-day supply only),Rx Outreach,nonprofit_mail_order,True
Methylphenidate Tablet,10mg,Tablet,Ritalin,Mental Health / ADHD / Narcolepsy,True,False,25.0,,0.8333,,$25 for up to 30 tablets(30-day supply only),Rx Outreach,nonprofit_mail_order,True
Methylphenidate Tablet,20mg,Tablet,Ritalin,Mental Health / ADHD / Narcolepsy,True,False,25.0,,0.8333,,$25 for up to 30 tablets(30-day supply only),Rx Outreach,nonprofit_mail_order,True
Methylphenidate Tablet,5mg,Tablet,Ritalin,Mental Health / ADHD / Narcolepsy,True,False,25.0,,0.8333,,$25 for up to 30 tablets(30-day supply only),Rx Outreach,nonprofit_mail_order,True
Metoclopramide HCL Tablet,10mg,Tablet,Reglan,Heartburn / Acid Reflux / Nausea / Slow Digestion,False,False,12.0,15.0,0.4,$12 for 30 days$15 for 90 days,,Rx Outreach,nonprofit_mail_order,True
Metoclopramide HCL Tablet,5mg,Tablet,Reglan,Heartburn / Acid Reflux / Nausea / Slow Digestion,False,False,12.0,15.0,0.4,$12 for 30 days$15 for 90 days,,Rx Outreach,nonprofit_mail_order,True
Metolazone Tablet,2.5mg,Tablet,Zaroxolyn | Mykrox,Blood Pressure / Fluid Retention / Cardiovascular,False,False,15.0,21.0,0.5,,$15 for up to 30 tablets$3 for up to each additional 30 tablets,Rx Outreach,nonprofit_mail_order,True
Metolazone Tablet,5mg,Tablet,Zaroxolyn | Mykrox,Blood Pressure / Fluid Retention / Cardiovascular,False,False,15.0,21.0,0.5,,$15 for up to 30 tablets$3 for up to each additional 30 tablets,Rx Outreach,nonprofit_mail_order,True
Metoprolol Succinate ER Tablet,100mg,Tablet,Toprol-XL,Blood Pressure / Heart / Cardiovascular,False,False,16.0,35.0,0.5333,$16 for 30 days$35 for 90 days,,Rx Outreach,nonprofit_mail_order,True
Metoprolol Succinate ER Tablet,200mg,Tablet,Toprol-XL,Blood Pressure / Heart / Cardiovascular,False,False,12.0,18.0,0.4,$12 for 30 days$18 for 90 days,,Rx Outreach,nonprofit_mail_order,True
Metoprolol Succinate ER Tablet,25mg,Tablet,Toprol-XL,Blood Pressure / Heart / Cardiovascular,False,False,16.0,35.0,0.5333,$16 for 30 days$35 for 90 days,,Rx Outreach,nonprofit_mail_order,True
Metoprolol Succinate ER Tablet,50mg,Tablet,Toprol-XL,Blood Pressure / Heart / Cardiovascular,False,False,16.0,35.0,0.5333,$16 for 30 days$35 for 90 days,,Rx Outreach,nonprofit_mail_order,True
Metoprolol Tartrate Tablet,100mg,Tablet,Lopressor,Blood Pressure / Heart / Cardiovascular,False,False,10.0,20.0,0.3333,$10 for 30 days$20 for 90 days,,Rx Outreach,nonprofit_mail_order,True
Metoprolol Tartrate Tablet,25mg,Tablet,Lopressor,Blood Pressure / Heart / Cardiovascular,False,False,10.0,20.0,0.3333,$10 for 30 days$20 for 90 days,,Rx Outreach,nonprofit_mail_order,True
Metoprolol Tartrate Tablet,50mg,Tablet,Lopressor,Blood Pressure / Heart / Cardiovascular,False,False,10.0,20.0,0.3333,$10 for 30 days$20 for 90 days,,Rx Outreach,nonprofit_mail_order,True
Metoprolol/HCTZ Tablet,100/25mg,Tablet,Lopressor HCT,Blood Pressure / Fluid Retention / Cardiovascular,False,False,0.0,0.0,,,$0 for up to 90 daysSupported through a partnership for a limited time,Rx Outreach,nonprofit_mail_order,True
Metoprolol/HCTZ Tablet,50/25mg,Tablet,Lopressor HCT,Blood Pressure / Fluid Retention / Cardiovascular,False,False,0.0,0.0,,,$0 for up to 90 daysSupported through a partnership for a limited time,Rx Outreach,nonprofit_mail_order,True
Metronidazole Tablet,250mg,Tablet,Flagyl,Antibiotic,False,False,15.0,25.0,0.5,,$15 for up to 30 tablets$5 for up to each additional 30 tablets,Rx Outreach,nonprofit_mail_order,True
Metronidazole Tablet,500mg,Tablet,Flagyl,Antibiotic,False,False,15.0,25.0,0.5,,$15 for up to 30 tablets$5 for up to each additional 30 tablets,Rx Outreach,nonprofit_mail_order,True
Metronidazole Vaginal Geltube,0.75%,Gel,Vandazole | Vaginal,Antibiotic,False,False,30.0,,,,$30 per tube,Rx Outreach,nonprofit_mail_order,True
Miconazole Topical Cream,2%,Cream,Micatin | Monistat-Derm,Antifungal,False,False,8.0,,,,$8 per tube,Rx Outreach,nonprofit_mail_order,True
Midodrine HCl Tablet,10mg,Tablet,Proamatine | Orvaten,Low Blood Pressure / Cardiovascular,False,False,12.0,20.0,0.4,,$12 for up to 30 tablets$20 for up to 90 tablets,Rx Outreach,nonprofit_mail_order,True
Midodrine HCl Tablet,2.5mg,Tablet,Proamatine | Orvaten,Low Blood Pressure / Cardiovascular,False,False,12.0,20.0,0.4,,$12 for up to 30 tablets$20 for up to 90 tablets,Rx Outreach,nonprofit_mail_order,True
Midodrine HCl Tablet,5mg,Tablet,Proamatine | Orvaten,Low Blood Pressure / Cardiovascular,False,False,12.0,20.0,0.4,,$12 for up to 30 tablets$20 for up to 90 tablets,Rx Outreach,nonprofit_mail_order,True
Minocycline Capsule,100mg,Capsule,Minocin | Dynacin | Myrac | Solodyn | Ximino,Antibiotic,False,False,19.0,45.0,0.6333,$19 for 30 days$45 for 90 days,,Rx Outreach,nonprofit_mail_order,True
Minocycline Capsule,50mg,Capsule,Minocin | Dynacin | Myrac | Solodyn | Ximino,Antibiotic,False,False,19.0,45.0,0.6333,$19 for 30 days$45 for 90 days,,Rx Outreach,nonprofit_mail_order,True
Minocycline Capsule,75mg,Capsule,Minocin | Dynacin | Myrac | Solodyn | Ximino,Antibiotic,False,False,19.0,45.0,0.6333,$19 for 30 days$45 for 90 days,,Rx Outreach,nonprofit_mail_order,True
Mirtazapine Tablet,15mg,Tablet,Remeron,Mental Health / Depression,False,False,14.0,30.0,0.4667,$14 for 30 days$30 for 90 days,,Rx Outreach,nonprofit_mail_order,True
Mirtazapine Tablet,30mg,Tablet,Remeron,Mental Health / Depression,False,False,12.0,15.0,0.4,$12 for 30 days$15 for 90 days,,Rx Outreach,nonprofit_mail_order,True
Mirtazapine Tablet,45mg,Tablet,Remeron,Mental Health / Depression,False,False,12.0,15.0,0.4,$12 for 30 days$15 for 90 days,,Rx Outreach,nonprofit_mail_order,True
Modafinil Tablet,100mg,Tablet,Provigil,Mental Health / Narcolepsy,True,False,24.0,35.0,0.8,$24 for 30 days$35 for 90 days,,Rx Outreach,nonprofit_mail_order,True
Modafinil Tablet,200mg,Tablet,Provigil,Mental Health / Narcolepsy,True,False,37.0,82.0,1.2333,$37 for 30 days$82 for 90 days,,Rx Outreach,nonprofit_mail_order,True
Mometasone Furoate Cream,0.1%,Cream,Elocon,Itching / Skin Inflammation,False,False,15.0,,,,$15 per tube,Rx Outreach,nonprofit_mail_order,True
Mometasone Furoate Ointment,0.1%,Ointment,Elocon,Itching / Skin Inflammation,False,False,15.0,,,,$15 per tube,Rx Outreach,nonprofit_mail_order,True
Montelukast Sodium Tablet,10mg,Tablet,Singulair,Asthma,False,False,17.0,40.0,0.5667,,$17 for up to 30 tablets$40 for up to 90 tablets,Rx Outreach,nonprofit_mail_order,True
Montelukast Sodium Tablet,5mg chewable,Tablet,Singulair,Asthma,False,False,12.0,15.0,0.4,$12 for 30 days$15 for 90 days,,Rx Outreach,nonprofit_mail_order,True
Moxifloxacin HCL Tablet,400mg,Tablet,Avelox,Antibiotic,False,False,40.0,80.0,1.3333,,$40 for up to 30 tablets$20 for up to each additional 30 tablets,Rx Outreach,nonprofit_mail_order,True
Mupirocin Ointmenttube,2%,Ointment,Bactroban,Antibiotic,False,False,13.0,,,,$13 per tube,Rx Outreach,nonprofit_mail_order,True
Mycophenolate Mofetil Capsule,250mg,Capsule,CellCept,Immunosuppressant,False,False,30.0,,1.0,,$30 for up to 180 capsules,Rx Outreach,nonprofit_mail_order,True
Mycophenolate Mofetil Tablet,500mg,Tablet,CellCept,Immunosuppressant,False,False,50.0,,1.6667,,$50 for up to 180 tablets,Rx Outreach,nonprofit_mail_order,True
Mycophenolic Acid DR Tablet,180mg,Tablet,Myfortic,Immunosuppressant,False,False,10.0,,0.3333,,$20 for up to 60 tablets,Rx Outreach,nonprofit_mail_order,True
Mycophenolic Acid DR Tablet,360mg,Tablet,Myfortic,Immunosuppressant,False,False,,30.0,,,$30 for up to 90 tablets$8 for up to each additional 30 tablets,Rx Outreach,nonprofit_mail_order,True
Nabumetone Tablet,500mg,Tablet,Relafen,Arthritis,False,False,12.0,20.0,0.4,$12 for 30 days$20 for 90 days,,Rx Outreach,nonprofit_mail_order,True
Nabumetone Tablet,750mg,Tablet,Relafen,Arthritis,False,False,12.0,20.0,0.4,$12 for 30 days$20 for 90 days,,Rx Outreach,nonprofit_mail_order,True
Naloxone HCl Nasal Spray,4mg,Nasal Spray,Narcan,Substance Use Disorder / Opioid Dependence,False,True,,,,,$38 for a box with 2 sprays,Rx Outreach,nonprofit_mail_order,True
Naltrexone Tablet,50mg,Tablet,Revia,Substance Use Disorder / Alcohol or Opioid Use Disorder,False,False,30.0,,1.0,,$30 for up to 30 tablets,Rx Outreach,nonprofit_mail_order,True
Naproxen Sodium Tablet,550mg,Tablet,Anaprox | DS | Aleve | Aflaxen | Naprelan,Pain / Arthritis,False,False,12.0,25.0,0.4,$12 for 30 days$25 for 90 days,,Rx Outreach,nonprofit_mail_order,True
Naproxen Tablet,250mg,Tablet,Naprosyn,Pain / Arthritis,False,False,12.0,15.0,0.4,$12 for 30 days$15 for 90 days,,Rx Outreach,nonprofit_mail_order,True
Naproxen Tablet,375mg,Tablet,Naprosyn,Pain / Arthritis,False,False,12.0,15.0,0.4,$12 for 30 days$15 for 90 days,,Rx Outreach,nonprofit_mail_order,True
Naproxen Tablet,500mg,Tablet,Naprosyn,Pain / Arthritis,False,False,12.0,15.0,0.4,$12 for 30 days$15 for 90 days,,Rx Outreach,nonprofit_mail_order,True
Nebivolol Tablet,10mg,Tablet,Bystolic,Blood Pressure / Heart / Cardiovascular,False,False,12.0,18.0,0.4,,$12 for up to 30 tablets$3 for up to each additional 30 tablets,Rx Outreach,nonprofit_mail_order,True
Nebivolol Tablet,2.5mg,Tablet,Bystolic,Blood Pressure / Heart / Cardiovascular,False,False,12.0,18.0,0.4,,$12 for up to 30 tablets$3 for up to each additional 30 tablets,Rx Outreach,nonprofit_mail_order,True
Nebivolol Tablet,20mg,Tablet,Bystolic,Blood Pressure / Heart / Cardiovascular,False,False,12.0,18.0,0.4,,$12 for up to 30 tablets$3 for up to each additional 30 tablets,Rx Outreach,nonprofit_mail_order,True
Nebivolol Tablet,5mg,Tablet,Bystolic,Blood Pressure / Heart / Cardiovascular,False,False,12.0,18.0,0.4,,$12 for up to 30 tablets$3 for up to each additional 30 tablets,Rx Outreach,nonprofit_mail_order,True
Niacin ER Tablet,1000mg,Tablet,Niaspan | ER,Heart / Cholesterol,False,False,15.0,21.0,0.5,,$15 for up to 30 tablets$3 for up to each additional 30 tablets,Rx Outreach,nonprofit_mail_order,True
Niacin ER Tablet,500mg,Tablet,Niaspan | ER,Heart / Cholesterol,False,False,15.0,21.0,0.5,,$15 for up to 30 tablets$3 for up to each additional 30 tablets,Rx Outreach,nonprofit_mail_order,True
Nifedipine Capsule,10mg,Capsule,Procardia | Nifediac | Adalat,Blood Pressure / Heart / Cardiovascular,False,False,,45.0,,,$45 for up to 90 capsules,Rx Outreach,nonprofit_mail_order,True
Nifedipine Capsule,20mg,Capsule,Procardia | Nifediac | Adalat,Blood Pressure / Heart / Cardiovascular,False,False,,45.0,,,$45 for up to 90 capsules,Rx Outreach,nonprofit_mail_order,True
Nifedipine ER Tablet,30mg,Tablet,Procardia | XL | Adalat | CC | Afeditab | CR | Nifediac | CC | Nifedical | XL,Blood Pressure / Heart / Cardiovascular,False,False,13.0,20.0,0.4333,$13 for 30 days$20 for 90 days,,Rx Outreach,nonprofit_mail_order,True
Nifedipine ER Tablet,60mg,Tablet,Procardia | XL | Adalat | CC | Afeditab | CR | Nifediac | CC | Nifedical | XL,Blood Pressure / Heart / Cardiovascular,False,False,13.0,20.0,0.4333,$13 for 30 days$20 for 90 days,,Rx Outreach,nonprofit_mail_order,True
Nifedipine ER Tablet,90mg,Tablet,Procardia | XL | Adalat | CC | Afeditab | CR | Nifediac | CC | Nifedical | XL,Blood Pressure / Heart / Cardiovascular,False,False,13.0,20.0,0.4333,$13 for 30 days$20 for 90 days,,Rx Outreach,nonprofit_mail_order,True
Nitrofurantoin MCR Capsule,100mg,Capsule,Macrodantin,Antibiotic,False,False,15.0,21.0,0.5,,$15 for up to 30 tablets$3 for up to each additional 30 capsules,Rx Outreach,nonprofit_mail_order,True
Nitroglycerin SL Tablet,0.3mg,Tablet,Nitrostat,Chest Pain / Heart / Cardiovascular,False,False,18.0,,0.6,,$18 per bottle of 100 tablets,Rx Outreach,nonprofit_mail_order,True
Nitroglycerin SL Tablet,0.4mg,Tablet,Nitrostat,Chest Pain / Heart / Cardiovascular,False,False,18.0,,0.6,,$18 per bottle of 100 tablets,Rx Outreach,nonprofit_mail_order,True
Norethindrone Acetate Tablet,5mg,Tablet,Aygestin,Women's Health / Birth Control / Contraceptive,False,False,13.0,,0.4333,,$13 for up to 30 tablets,Rx Outreach,nonprofit_mail_order,True
Norethindrone EE Tablet Pack,1mg/0.02mg,Tablet,Loestrin | Junel | Microgestin | Hailey,Women's Health / Birth Control / Contraceptive,False,False,6.67,20.0,0.2223,,$20 for up to 3 packs of 21 tablets,Rx Outreach,nonprofit_mail_order,True
Norethindrone Tablet Pack,0.35mg,Tablet,Jencycla | Ortho Micronor | Camila | Errin,Women's Health / Birth Control / Contraceptive,False,False,14.0,30.0,0.4667,$14 for 30 days$30 for 90 days,,Rx Outreach,nonprofit_mail_order,True
Nortrel 7-7-7 Tablet Pack,,Tablet,Ortho-Novum | Alyacen | Cyclafem | Necon,Women's Health / Birth Control / Contraceptive,False,False,6.67,20.0,0.2223,,$20 for up to 3 packs of 28 tablets,Rx Outreach,nonprofit_mail_order,True
Nortriptyline HCL Capsule,10mg,Capsule,Pamelor | Aventyl,Mental Health / Depression,False,False,12.0,20.0,0.4,$12 for 30 days$20 for 90 days,,Rx Outreach,nonprofit_mail_order,True
Nortriptyline HCL Capsule,25mg,Capsule,Pamelor | Aventyl,Mental Health / Depression,False,False,12.0,20.0,0.4,$12 for 30 days$20 for 90 days,,Rx Outreach,nonprofit_mail_order,True
Nortriptyline HCL Capsule,50mg,Capsule,Pamelor | Aventyl,Mental Health / Depression,False,False,12.0,20.0,0.4,$12 for 30 days$20 for 90 days,,Rx Outreach,nonprofit_mail_order,True
Nortriptyline HCL Capsule,75mg,Capsule,Pamelor | Aventyl,Mental Health / Depression,False,False,12.0,25.0,0.4,$12 for 30 days$25 for 90 days,,Rx Outreach,nonprofit_mail_order,True
NP Thyroid Tablet,15mg,Tablet,,Thyroid,False,False,,65.0,,,$65 for up to 90 tablets,Rx Outreach,nonprofit_mail_order,True
NP Thyroid Tablet,30mg,Tablet,,Thyroid,False,False,,80.0,,,$80 for up to 90 tablets,Rx Outreach,nonprofit_mail_order,True
NP Thyroid Tablet,60mg,Tablet,,Thyroid,False,False,,80.0,,,$80 for up to 90 tablets,Rx Outreach,nonprofit_mail_order,True
NP Thyroid Tablet,90mg,Tablet,,Thyroid,False,False,,115.0,,,$115 for up to 90 tablets,Rx Outreach,nonprofit_mail_order,True
Nystatin Cream,100000U/G,Cream,Mycostatin,Antifungal,False,False,18.0,,,,$18 for 1 tube$5 for each additional tube,Rx Outreach,nonprofit_mail_order,True
Nystatin Tablet,500 000 units,Tablet,,Antifungal,False,False,16.0,35.0,0.5333,,$16 for up to 30 tablets$35 for up to 90 tablets,Rx Outreach,nonprofit_mail_order,True
Nystatin Topical Powder,100000 U/g (60g bottle),Powder,Nyamyc,Antifungal,False,False,25.0,,,,$25 per bottle,Rx Outreach,nonprofit_mail_order,True
Nystatin/Triamcinolone Ointment,30g,Ointment,Mycolog II,Antifungal,False,False,20.0,,,,$20 per tube,Rx Outreach,nonprofit_mail_order,True
Olanzapine Tablet,10mg,Tablet,Zyprexa,Mental Health / Depression / Schizophrenia / Bipolar Disorder,False,False,13.0,25.0,0.4333,,$13 for up to 30 tablets$25 for up to 90 tablets,Rx Outreach,nonprofit_mail_order,True
Olanzapine Tablet,15mg,Tablet,Zyprexa,Mental Health / Depression / Schizophrenia / Bipolar Disorder,False,False,12.0,18.0,0.4,,$12 for up to 30 tablets$18 for up to 90 tablets,Rx Outreach,nonprofit_mail_order,True
Olanzapine Tablet,2.5mg,Tablet,Zyprexa,Mental Health / Depression / Schizophrenia / Bipolar Disorder,False,False,12.0,18.0,0.4,,$12 for up to 30 tablets$18 for up to 90 tablets,Rx Outreach,nonprofit_mail_order,True
Olanzapine Tablet,20mg,Tablet,Zyprexa,Mental Health / Depression / Schizophrenia / Bipolar Disorder,False,False,12.0,18.0,0.4,,$12 for up to 30 tablets$18 for up to 90 tablets,Rx Outreach,nonprofit_mail_order,True
Olanzapine Tablet,5mg,Tablet,Zyprexa,Mental Health / Depression / Schizophrenia / Bipolar Disorder,False,False,13.0,25.0,0.4333,,$13 for up to 30 tablets$25 for up to 90 tablets,Rx Outreach,nonprofit_mail_order,True
Olanzapine Tablet,7.5mg,Tablet,Zyprexa,Mental Health / Depression / Schizophrenia / Bipolar Disorder,False,False,12.0,18.0,0.4,,$12 for up to 30 tablets$18 for up to 90 tablets,Rx Outreach,nonprofit_mail_order,True
Olmesartan Medoxomil Tablet,20mg,Tablet,Benicar,Blood Pressure / Heart / Cardiovascular,False,False,,15.0,,,$15 for up to 90 tablets,Rx Outreach,nonprofit_mail_order,True
Olmesartan Medoxomil Tablet,40mg,Tablet,Benicar,Blood Pressure / Heart / Cardiovascular,False,False,,15.0,,,$15 for up to 90 tablets,Rx Outreach,nonprofit_mail_order,True
Olmesartan Medoxomil Tablet,5mg,Tablet,Benicar,Blood Pressure / Heart / Cardiovascular,False,False,,15.0,,,$15 for up to 90 tablets,Rx Outreach,nonprofit_mail_order,True
Olmesartan/HCTZ Tablet,20/12.5mg,Tablet,Benicar HCT,Blood Pressure / Fluid Retention / Cardiovascular,False,False,,30.0,,,$30 for up to 90 tablets,Rx Outreach,nonprofit_mail_order,True
Olmesartan/HCTZ Tablet,40/12.5mg,Tablet,Benicar HCT,Blood Pressure / Fluid Retention / Cardiovascular,False,False,,30.0,,,$30 for up to 90 tablets,Rx Outreach,nonprofit_mail_order,True
Olmesartan/HCTZ Tablet,40/25mg,Tablet,Benicar HCT,Blood Pressure / Fluid Retention / Cardiovascular,False,False,,30.0,,,$30 for up to 90 tablets,Rx Outreach,nonprofit_mail_order,True
Olopatadine Nasal Spray,665mcg,Nasal Spray,Patanase,Allergies,False,False,25.0,,,,$25 per bottle (240 sprays),Rx Outreach,nonprofit_mail_order,True
Olopatadine Solution 2.5mL dropper,0.2%,Solution,Patanol | Pataday | Pazeo,Allergies / Eye,False,False,20.0,,,,$20 per dropper,Rx Outreach,nonprofit_mail_order,True
Omega-3 Acid Ethyl Esters Capsule,1gm,Capsule,Lovaza | Omtryg,Heart / Cholesterol,False,False,33.0,,1.1,,$33 for up to 120 capsules,Rx Outreach,nonprofit_mail_order,True
Omeprazole Capsule,10mg,Capsule,Prilosec,Heartburn / Acid Reflux / Ulcers,False,False,12.0,15.0,0.4,$12 for 30 days$15 for 90 days,,Rx Outreach,nonprofit_mail_order,True
Omeprazole Capsule,20mg,Capsule,Prilosec,Heartburn / Acid Reflux / Ulcers,False,False,16.0,35.0,0.5333,$16 for 30 days$35 for 90 days,,Rx Outreach,nonprofit_mail_order,True
Omeprazole Capsule,40mg,Capsule,Prilosec,Heartburn / Acid Reflux / Ulcers,False,False,16.0,35.0,0.5333,$16 for 30 days$35 for 90 days,,Rx Outreach,nonprofit_mail_order,True
Ondansetron ODT Tablet,4mg,Tablet,Zofran ODT,Nausea,False,False,15.0,25.0,0.5,,$15 for up to 30 tablets$25 for up to 90 tablets,Rx Outreach,nonprofit_mail_order,True
Ondansetron ODT Tablet,8mg,Tablet,Zofran ODT,Nausea,False,False,15.0,25.0,0.5,,$15 for up to 30 tablets$25 for up to 90 tablets,Rx Outreach,nonprofit_mail_order,True
Ondansetron Tablet,4mg,Tablet,Zofran,Nausea,False,False,12.0,15.0,0.4,,$12 for up to 30 tablets$15 for up to 90 tablets,Rx Outreach,nonprofit_mail_order,True
Ondansetron Tablet,8mg,Tablet,Zofran,Nausea,False,False,12.0,15.0,0.4,,$12 for up to 30 tablets$15 for up to 90 tablets,Rx Outreach,nonprofit_mail_order,True
Oxcarbazepine Tablet,150mg,Tablet,Trileptal,Seizures / Epilepsy,False,False,14.0,18.0,0.4667,$14 for 30 days$18 for 90 days,,Rx Outreach,nonprofit_mail_order,True
Oxcarbazepine Tablet,300mg,Tablet,Trileptal,Seizures / Epilepsy,False,False,14.0,30.0,0.4667,$14 for 30 days$30 for 90 days,,Rx Outreach,nonprofit_mail_order,True
Oxcarbazepine Tablet,600mg,Tablet,Trileptal,Seizures / Epilepsy,False,False,14.0,30.0,0.4667,$14 for 30 days$30 for 90 days,,Rx Outreach,nonprofit_mail_order,True
Oxybutynin Chloride ER Tablet,10mg,Tablet,Ditropan XL,Urinary,False,False,12.0,20.0,0.4,$12 for 30 days$20 for 90 days,,Rx Outreach,nonprofit_mail_order,True
Oxybutynin Chloride ER Tablet,15mg,Tablet,Ditropan XL,Urinary,False,False,12.0,20.0,0.4,$12 for 30 days$20 for 90 days,,Rx Outreach,nonprofit_mail_order,True
Oxybutynin Chloride ER Tablet,5mg,Tablet,Ditropan XL,Urinary,False,False,12.0,20.0,0.4,$12 for 30 days$20 for 90 days,,Rx Outreach,nonprofit_mail_order,True
Oxybutynin Tablet,5mg,Tablet,Ditropan,Urinary,False,False,10.0,15.0,0.3333,$10 for 30 days$15 for 90 days,,Rx Outreach,nonprofit_mail_order,True
Paliperidone ER Tablet,3mg,Tablet,Invega,Mental Health / Depression / Schizophrenia / Bipolar Disorder,False,False,,65.0,,,$65 for up to 90 tablets,Rx Outreach,nonprofit_mail_order,True
Paliperidone ER Tablet,6mg,Tablet,Invega,Mental Health / Depression / Schizophrenia / Bipolar Disorder,False,False,,65.0,,,$65 for up to 90 tablets,Rx Outreach,nonprofit_mail_order,True
Paliperidone ER Tablet,9mg,Tablet,Invega,Mental Health / Depression / Schizophrenia / Bipolar Disorder,False,False,,75.0,,,$75 for up to 90 tablets,Rx Outreach,nonprofit_mail_order,True
Panretin® Gel,0.1%,Gel,Alitretinoin,Skin Cancer / Kaposi's Sarcoma,False,False,100.0,,,,$100 for 1 tube$50 for each additional tube,Rx Outreach,nonprofit_mail_order,True
Pantoprazole Tablet,20mg,Tablet,Protonix,Heartburn / Acid Reflux / Ulcers,False,False,12.0,18.0,0.4,,$12 for up to 30 tablets$3 for up to each additional 30 tablets,Rx Outreach,nonprofit_mail_order,True
Pantoprazole Tablet,40mg,Tablet,Protonix,Heartburn / Acid Reflux / Ulcers,False,False,13.0,21.0,0.4333,,$13 for up to 30 tablets$4 for up to each additional 30 tablets,Rx Outreach,nonprofit_mail_order,True
Paroxetine ER Tablet,12.5mg,Tablet,Paxil CR,Mental Health / Depression /Anxiety / Panic Disorder / OCD,False,False,20.0,34.0,0.6667,,$20 for up to 30 tablets$7 for up to each additional 30 tablets,Rx Outreach,nonprofit_mail_order,True
Paroxetine ER Tablet,25mg,Tablet,Paxil CR,Mental Health / Depression /Anxiety / Panic Disorder / OCD,False,False,20.0,34.0,0.6667,,$20 for up to 30 tablets$7 for up to each additional 30 tablets,Rx Outreach,nonprofit_mail_order,True
Paroxetine ER Tablet,37.5mg,Tablet,Paxil CR,Mental Health / Depression /Anxiety / Panic Disorder / OCD,False,False,20.0,34.0,0.6667,,$20 for up to 30 tablets$7 for up to each additional 30 tablets,Rx Outreach,nonprofit_mail_order,True
Paroxetine HCL Tablet,10mg,Tablet,Paxil | (HCL),Mental Health / Depression /Anxiety / Panic Disorder / OCD,False,False,12.0,15.0,0.4,$12 for 30 days$15 for 90 days,,Rx Outreach,nonprofit_mail_order,True
Paroxetine HCL Tablet,20mg,Tablet,Paxil | (HCL),Mental Health / Depression /Anxiety / Panic Disorder / OCD,False,False,12.0,15.0,0.4,$12 for 30 days$15 for 90 days,,Rx Outreach,nonprofit_mail_order,True
Paroxetine HCL Tablet,30mg,Tablet,Paxil | (HCL),Mental Health / Depression /Anxiety / Panic Disorder / OCD,False,False,12.0,15.0,0.4,$12 for 30 days$15 for 90 days,,Rx Outreach,nonprofit_mail_order,True
Paroxetine HCL Tablet,40mg,Tablet,Paxil | (HCL),Mental Health / Depression /Anxiety / Panic Disorder / OCD,False,False,12.0,15.0,0.4,$12 for 30 days$15 for 90 days,,Rx Outreach,nonprofit_mail_order,True
Pentoxifylline ER Tablet,400mg,Tablet,Trental | Pentoxil,Blood Flow / Cardiovascular,False,False,14.0,30.0,0.4667,$14 for 30 days$30 for 90 days,,Rx Outreach,nonprofit_mail_order,True
Perphenazine Tablet,16mg,Tablet,Trilafon,Mental Health / Schizophrenia / Nausea,False,False,18.0,28.0,0.6,,$18 for up to 30 tablets$5 for up to each additional 30 tablets,Rx Outreach,nonprofit_mail_order,True
Perphenazine Tablet,2mg,Tablet,Trilafon,Mental Health / Schizophrenia / Nausea,False,False,13.0,21.0,0.4333,,$13 for up to 30 tablets$4 for up to each additional 30 tablets,Rx Outreach,nonprofit_mail_order,True
Perphenazine Tablet,4mg,Tablet,Trilafon,Mental Health / Schizophrenia / Nausea,False,False,13.0,21.0,0.4333,,$13 for up to 30 tablets$4 for up to each additional 30 tablets,Rx Outreach,nonprofit_mail_order,True
Perphenazine Tablet,8mg,Tablet,Trilafon,Mental Health / Schizophrenia / Nausea,False,False,13.0,21.0,0.4333,,$13 for up to 30 tablets$4 for up to each additional 30 tablets,Rx Outreach,nonprofit_mail_order,True
Phenobarbital Tablet,100mg,Tablet,,Seizures / Epilepsy,True,False,20.0,30.0,0.6667,,$20 for up to 30 tablets$5 for up to each additional 30 tablets,Rx Outreach,nonprofit_mail_order,True
Phenobarbital Tablet,15mg,Tablet,,Seizures / Epilepsy,True,False,20.0,30.0,0.6667,,$20 for up to 30 tablets$5 for up to each additional 30 tablets,Rx Outreach,nonprofit_mail_order,True
Phenobarbital Tablet,30mg,Tablet,,Seizures / Epilepsy,True,False,20.0,30.0,0.6667,,$20 for up to 30 tablets$5 for up to each additional 30 tablets,Rx Outreach,nonprofit_mail_order,True
Phenobarbital Tablet,60mg,Tablet,,Seizures / Epilepsy,True,False,20.0,30.0,0.6667,,$20 for up to 30 tablets$5 for up to each additional 30 tablets,Rx Outreach,nonprofit_mail_order,True
Phentermine Capsule,30mg,Capsule,Adipex-P,Weight Loss,True,False,16.0,35.0,0.5333,,$16 for up to 30 capsules$35 for up to 90 capsulesLimited stock. Max 30 days supply.,Rx Outreach,nonprofit_mail_order,True
Phenytoin Sodium ER Capsule,100mg,Capsule,Dilantin,Seizures / Epilepsy,False,False,20.0,,0.6667,,$20 for up to 180 capsules,Rx Outreach,nonprofit_mail_order,True
Pilocarpine Eye Drop Solution,1%,Solution,Isopto Carpine,Glaucoma / Eye,False,False,,,,,$40 for up to 1 bottle$30 for up to each additional bottle,Rx Outreach,nonprofit_mail_order,True
Pilocarpine Eye Drop Solution,2%,Solution,Isopto Carpine,Glaucoma / Eye,False,False,,,,,$40 for up to 1 bottle$30 for up to each additional bottle,Rx Outreach,nonprofit_mail_order,True
Pilocarpine Eye Drop Solution,4%,Solution,Isopto Carpine,Glaucoma / Eye,False,False,,,,,$40 for up to 1 bottle$30 for up to each additional bottle,Rx Outreach,nonprofit_mail_order,True
Pilocarpine HCL Tablet,5mg,Tablet,Salagen,Dry Mouth,False,False,15.0,25.0,0.5,,$15 for up to 30 tablets$5 for up to each additional 30 tablets,Rx Outreach,nonprofit_mail_order,True
Pilocarpine HCL Tablet,7.5mg,Tablet,Salagen,Dry Mouth,False,False,25.0,45.0,0.8333,,$25 for up to 30 tablets$10 for up to each additional 30 tablets,Rx Outreach,nonprofit_mail_order,True
Pioglitazone HCL Tablet,15mg,Tablet,Actos,Diabetes,False,False,12.0,16.0,0.4,$12 for 30 days$16 for 90 days,,Rx Outreach,nonprofit_mail_order,True
Pioglitazone HCL Tablet,30mg,Tablet,Actos,Diabetes,False,False,12.0,16.0,0.4,$12 for 30 days$16 for 90 days,,Rx Outreach,nonprofit_mail_order,True
Pioglitazone HCL Tablet,45mg,Tablet,Actos,Diabetes,False,False,12.0,16.0,0.4,$12 for 30 days$16 for 90 days,,Rx Outreach,nonprofit_mail_order,True
Pirfenidone Tablet,801mg,Tablet,Esbriet,Respiratory Disease,False,False,,85.0,,,$85 for up to 90 tablets,Rx Outreach,nonprofit_mail_order,True
Piroxicam Capsule,10mg,Capsule,Feldene,Pain / Arthritis,False,False,,34.0,,,$34 for up to 90 capsules,Rx Outreach,nonprofit_mail_order,True
Piroxicam Capsule,20mg,Capsule,Feldene,Pain / Arthritis,False,False,,34.0,,,$34 for up to 90 capsules,Rx Outreach,nonprofit_mail_order,True
Plaquenil® Tablet,200mg,Tablet,Hydroxychloroquine,Arthritis / Lupus / Malaria,False,False,45.0,61.0,1.5,,$45 for up to 30 tablets$8 for up to each additional 30 tabletsNew Patients – A letter of necessity from your provider is required.,Rx Outreach,nonprofit_mail_order,True
Podofilox Topical Soln 3.5mL Bottle,0.5%,Other,Condylox,Genital/Perianal Warts,False,False,,,,,Currently Unavailable,Rx Outreach,nonprofit_mail_order,True
Polyethylene Glycol Powder Can,510G,Powder,Miralax,Constipation,False,True,,,,,$20 for up to 2 bottles,Rx Outreach,nonprofit_mail_order,True
Posaconazole Tablet,100mg,Tablet,Noxafil,Antifungal,False,False,65.0,,2.1667,,$65 for up to 30 tablets,Rx Outreach,nonprofit_mail_order,True
Potassium Chloride ER Packet,20meq,Pack,Klor-Con,Low Potassium / Heart / Cardiovascular,False,False,16.67,,,,$50 for up to 90 packets,Rx Outreach,nonprofit_mail_order,True
Potassium Chloride ER Tablet,1500mg (20mEQ),Tablet,Klor-Con | K-Dur | K-tab,Low Potassium / Heart / Cardiovascular,False,False,13.0,25.0,0.4333,,$13 for up to 30 tablets$25 for up to 90 tablets,Rx Outreach,nonprofit_mail_order,True
Potassium Chloride ER Tablet,600mg (8mEQ),Tablet,Klor-Con | K-Dur | K-tab,Low Potassium / Heart / Cardiovascular,False,False,13.0,20.0,0.4333,,$13 for up to 30 tablets$20 for up to 90 tablets,Rx Outreach,nonprofit_mail_order,True
Potassium Chloride ER Tablet,750mg (10mEQ),Tablet,Klor-Con | K-Dur | K-tab,Low Potassium / Heart / Cardiovascular,False,False,13.0,25.0,0.4333,,$13 for up to 30 tablets$25 for up to 90 tablets,Rx Outreach,nonprofit_mail_order,True
Potassium Citrate ER,1080mg (10mEQ),Other,Urocit-K,Low Potassium / Heart / Cardiovascular / Kidney Stones,False,False,,12.0,,,$12 for up to 90 tablets,Rx Outreach,nonprofit_mail_order,True
Potassium Citrate ER,540mg (5mEQ),Other,Urocit-K,Low Potassium / Heart / Cardiovascular / Kidney Stones,False,False,,12.0,,,$12 for up to 90 tablets,Rx Outreach,nonprofit_mail_order,True
Pramipexole ER Tablet,0.375mg,Tablet,Mirapex ER,Parkinson's / Restless Leg,False,False,30.0,,1.0,,$30 for up to 30 tablets,Rx Outreach,nonprofit_mail_order,True
Pramipexole ER Tablet,0.75mg,Tablet,Mirapex ER,Parkinson's / Restless Leg,False,False,35.0,,1.1667,,$35 for up to 30 tablets,Rx Outreach,nonprofit_mail_order,True
Pramipexole ER Tablet,1.5mg,Tablet,Mirapex ER,Parkinson's / Restless Leg,False,False,55.0,,1.8333,,$55 for up to 30 tablets,Rx Outreach,nonprofit_mail_order,True
Pramipexole ER Tablet,2.25mg,Tablet,Mirapex ER,Parkinson's / Restless Leg,False,False,55.0,,1.8333,,$55 for up to 30 tablets,Rx Outreach,nonprofit_mail_order,True
Pramipexole ER Tablet,3mg,Tablet,Mirapex ER,Parkinson's / Restless Leg,False,False,55.0,,1.8333,,$55 for up to 30 tablets,Rx Outreach,nonprofit_mail_order,True
Pramipexole ER Tablet,4.5mg,Tablet,Mirapex ER,Parkinson's / Restless Leg,False,False,55.0,,1.8333,,$55 for up to 30 tablets,Rx Outreach,nonprofit_mail_order,True
Pramipexole Tablet,0.125mg,Tablet,Mirapex,Parkinson's / Restless Leg,False,False,,,,,$20 up to 180 tablets,Rx Outreach,nonprofit_mail_order,True
Pramipexole Tablet,0.25mg,Tablet,Mirapex,Parkinson's / Restless Leg,False,False,,,,,$20 up to 180 tablets,Rx Outreach,nonprofit_mail_order,True
Pramipexole Tablet,0.5mg,Tablet,Mirapex,Parkinson's / Restless Leg,False,False,,,,,$20 up to 180 tablets,Rx Outreach,nonprofit_mail_order,True
Pramipexole Tablet,1.5mg,Tablet,Mirapex,Parkinson's / Restless Leg,False,False,,,,,$20 up to 180 tablets,Rx Outreach,nonprofit_mail_order,True
Pramipexole Tablet,1mg,Tablet,Mirapex,Parkinson's / Restless Leg,False,False,,,,,$20 up to 180 tablets,Rx Outreach,nonprofit_mail_order,True
Prasugrel Tablet,10mg,Tablet,Effient,Heart / Cardiovascular,False,False,25.0,,0.8333,,$25 for up to 30 tablets,Rx Outreach,nonprofit_mail_order,True
Prasugrel Tablet,5mg,Tablet,Effient,Heart / Cardiovascular,False,False,25.0,,0.8333,,$25 for up to 30 tablets,Rx Outreach,nonprofit_mail_order,True
Pravastatin Tablet,10mg,Tablet,Pravachol,Heart / Cholesterol,False,False,12.0,15.0,0.4,,$12 for up to 30 tablets$15 for up to 90 tablets,Rx Outreach,nonprofit_mail_order,True
Pravastatin Tablet,20mg,Tablet,Pravachol,Heart / Cholesterol,False,False,12.0,15.0,0.4,,$12 for up to 30 tablets$15 for up to 90 tablets,Rx Outreach,nonprofit_mail_order,True
Pravastatin Tablet,40mg,Tablet,Pravachol,Heart / Cholesterol,False,False,12.0,25.0,0.4,,$12 for up to 30 tablets$25 for up to 90 tablets,Rx Outreach,nonprofit_mail_order,True
Pravastatin Tablet,80mg,Tablet,Pravachol,Heart / Cholesterol,False,False,12.0,17.0,0.4,,$12 for up to 30 tablets$17 for up to 90 tablets,Rx Outreach,nonprofit_mail_order,True
Prazosin Capsule,1mg,Capsule,Minipress,Blood Pressure / Heart / Cardiovascular,False,False,11.0,20.0,0.3667,,$11 for up to 30 capsules$20 for up to 90 capsules,Rx Outreach,nonprofit_mail_order,True
Prazosin Capsule,2mg,Capsule,Minipress,Blood Pressure / Heart / Cardiovascular,False,False,11.0,20.0,0.3667,,$11 for up to 30 capsules$20 for up to 90 capsules,Rx Outreach,nonprofit_mail_order,True
Prazosin Capsule,5mg,Capsule,Minipress,Blood Pressure / Heart / Cardiovascular,False,False,18.0,40.0,0.6,,$18 for up to 30 capsules$40 for up to 90 capsules,Rx Outreach,nonprofit_mail_order,True
Prednisone Tablet,10mg,Tablet,Deltasone,Immunosuppressant / Allergies / Asthma,False,False,10.0,14.0,0.3333,$10 for 30 days$14 for 90 days,,Rx Outreach,nonprofit_mail_order,True
Prednisone Tablet,1mg,Tablet,Deltasone,Immunosuppressant / Allergies / Asthma,False,False,10.0,14.0,0.3333,$10 for 30 days$14 for 90 days,,Rx Outreach,nonprofit_mail_order,True
Prednisone Tablet,2.5mg,Tablet,Deltasone,Immunosuppressant / Allergies / Asthma,False,False,10.0,14.0,0.3333,$10 for 30 days$14 for 90 days,,Rx Outreach,nonprofit_mail_order,True
Prednisone Tablet,20mg,Tablet,Deltasone,Immunosuppressant / Allergies / Asthma,False,False,10.0,14.0,0.3333,$10 for 30 days$14 for 90 days,,Rx Outreach,nonprofit_mail_order,True
Prednisone Tablet,50mg,Tablet,Deltasone,Immunosuppressant / Allergies / Asthma,False,False,13.0,20.0,0.4333,$13 for 30 days$20 for 90 days,,Rx Outreach,nonprofit_mail_order,True
Prednisone Tablet,5mg,Tablet,Deltasone,Immunosuppressant / Allergies / Asthma,False,False,10.0,20.0,0.3333,$10 for 30 days$20 for 90 days,,Rx Outreach,nonprofit_mail_order,True
Pregabalin Capsule,100mg,Capsule,Lyrica,Nerve Pain / Seizures / Epilepsy,True,False,,20.0,,,$20 for up to 90 capsules,Rx Outreach,nonprofit_mail_order,True
Pregabalin Capsule,150mg,Capsule,Lyrica,Nerve Pain / Seizures / Epilepsy,True,False,,20.0,,,$20 for up to 90 capsules,Rx Outreach,nonprofit_mail_order,True
Pregabalin Capsule,200mg,Capsule,Lyrica,Nerve Pain / Seizures / Epilepsy,True,False,,20.0,,,$20 for up to 90 capsules,Rx Outreach,nonprofit_mail_order,True
Pregabalin Capsule,225mg,Capsule,Lyrica,Nerve Pain / Seizures / Epilepsy,True,False,,20.0,,,$20 for up to 90 capsules,Rx Outreach,nonprofit_mail_order,True
Pregabalin Capsule,300mg,Capsule,Lyrica,Nerve Pain / Seizures / Epilepsy,True,False,,20.0,,,$20 for up to 90 capsules,Rx Outreach,nonprofit_mail_order,True
Pregabalin Capsule,50mg,Capsule,Lyrica,Nerve Pain / Seizures / Epilepsy,True,False,,20.0,,,$20 for up to 90 capsules,Rx Outreach,nonprofit_mail_order,True
Pregabalin Capsule,75mg,Capsule,Lyrica,Nerve Pain / Seizures / Epilepsy,True,False,,20.0,,,$20 for up to 90 capsules,Rx Outreach,nonprofit_mail_order,True
Prenatal Vitamin Tablet 100ct,27-0.8mg,Tablet,,Vitamins / Minerals,False,True,15.0,,0.5,,$15 per bottle,Rx Outreach,nonprofit_mail_order,True
Primidone Tablet,250mg,Tablet,Mysoline,Seizures / Epilepsy,False,False,8.0,,0.2667,,$16 for up to 60 tablets,Rx Outreach,nonprofit_mail_order,True
Primidone Tablet,50mg,Tablet,Mysoline,Seizures / Epilepsy,False,False,5.0,,0.1667,,$10 for up to 60 tablets,Rx Outreach,nonprofit_mail_order,True
Prochlorperazine Tablet,10mg,Tablet,,Mental Health / Schizophrenia / Nausea,False,False,10.0,20.0,0.3333,$10 for 30 days$20 for 90 days,,Rx Outreach,nonprofit_mail_order,True
Prochlorperazine Tablet,5mg,Tablet,,Mental Health / Schizophrenia / Nausea,False,False,10.0,20.0,0.3333,$10 for 30 days$20 for 90 days,,Rx Outreach,nonprofit_mail_order,True
Progesterone Capsule,100mg,Capsule,Prometrium,Women's Health / Hormones,False,False,15.0,25.0,0.5,,$15 for up to 30 capsules$5 for up to each additional 30 capsules,Rx Outreach,nonprofit_mail_order,True
Progesterone Capsule,200mg,Capsule,Prometrium,Women's Health / Hormones,False,False,20.0,,0.6667,,$20 for up to 30 capsules$35 for up to each additional 90 capsules,Rx Outreach,nonprofit_mail_order,True
Promethazine Tablet,25mg,Tablet,Phenergan | Phenadoz,Allergies / Nausea,False,False,10.0,16.0,0.3333,,$10 for up to 30 tablets$3 for up to each additional 30 tablets,Rx Outreach,nonprofit_mail_order,True
Propafenone HCL ER Capsule,225mg,Capsule,Rythmol,Heart / Cardiovascular,False,False,20.0,40.0,0.6667,,$20 for up to 30 tablets$10 for up to each additional 30 tablets,Rx Outreach,nonprofit_mail_order,True
Propafenone HCL ER Capsule,325mg,Capsule,Rythmol,Heart / Cardiovascular,False,False,20.0,40.0,0.6667,,$20 for up to 30 tablets$10 for up to each additional 30 tablets,Rx Outreach,nonprofit_mail_order,True
Propafenone HCL Tablet,150mg,Tablet,Rythmol,Heart / Cardiovascular,False,False,15.0,22.0,0.5,$15 for 30 days$22 for 90 days,,Rx Outreach,nonprofit_mail_order,True
Propafenone HCL Tablet,225mg,Tablet,Rythmol,Heart / Cardiovascular,False,False,15.0,22.0,0.5,$15 for 30 days$22 for 90 days,,Rx Outreach,nonprofit_mail_order,True
Propafenone HCL Tablet,300mg,Tablet,Rythmol,Heart / Cardiovascular,False,False,15.0,22.0,0.5,$15 for 30 days$22 for 90 days,,Rx Outreach,nonprofit_mail_order,True
Propranolol HCL ER Capsule,120mg,Capsule,Inderal | LA | Inderal | XL | InnoPran | XL,Blood Pressure / Heart / Cardiovascular,False,False,20.0,33.0,0.6667,,$20 for up to 30 capsules$33 for up to 90 capsules,Rx Outreach,nonprofit_mail_order,True
Propranolol HCL ER Capsule,160mg,Capsule,Inderal | LA | Inderal | XL | InnoPran | XL,Blood Pressure / Heart / Cardiovascular,False,False,20.0,33.0,0.6667,,$20 for up to 30 capsules$33 for up to 90 capsules,Rx Outreach,nonprofit_mail_order,True
Propranolol HCL ER Capsule,60mg,Capsule,Inderal | LA | Inderal | XL | InnoPran | XL,Blood Pressure / Heart / Cardiovascular,False,False,20.0,33.0,0.6667,,$20 for up to 30 capsules$33 for up to 90 capsules,Rx Outreach,nonprofit_mail_order,True
Propranolol HCL ER Capsule,80mg,Capsule,Inderal | LA | Inderal | XL | InnoPran | XL,Blood Pressure / Heart / Cardiovascular,False,False,20.0,33.0,0.6667,,$20 for up to 30 capsules$33 for up to 90 capsules,Rx Outreach,nonprofit_mail_order,True
Propranolol Tablet,10mg,Tablet,Inderal,Blood Pressure / Heart / Cardiovascular,False,False,11.0,20.0,0.3667,,$11 for up to 30 tablets$20 for up to 90 tablets.,Rx Outreach,nonprofit_mail_order,True
Propranolol Tablet,20mg,Tablet,Inderal,Blood Pressure / Heart / Cardiovascular,False,False,12.0,15.0,0.4,$12 for 30 days$15 for 90 days,,Rx Outreach,nonprofit_mail_order,True
Propranolol Tablet,40mg,Tablet,Inderal,Blood Pressure / Heart / Cardiovascular,False,False,12.0,15.0,0.4,$12 for 30 days$15 for 90 days,,Rx Outreach,nonprofit_mail_order,True
Propranolol Tablet,80mg,Tablet,Inderal,Blood Pressure / Heart / Cardiovascular,False,False,13.0,20.0,0.4333,$13 for 30 days$20 for 90 days,,Rx Outreach,nonprofit_mail_order,True
Propylthiouracil Tablet,50mg,Tablet,,Antithyroid,False,False,15.0,25.0,0.5,,$15 for up to 30 tablets$5 for up to each additional 30 tablets,Rx Outreach,nonprofit_mail_order,True
Pyridostigmine BR Tablet,60mg,Tablet,Mestinon,Autoimmune Disease / Myasthenia Gravis,False,False,15.0,25.0,0.5,,$15 for up to 30 tablets$5 for up to each additional 30 tablets,Rx Outreach,nonprofit_mail_order,True
Quetiapine Fumarate ER Tablet,150mg,Tablet,Seroquel XR,Mental Health / Depression / Schizophrenia / Bipolar Disorder,False,False,14.0,30.0,0.4667,,$14 for up to 30 tablets$30 for up to 90 tablets,Rx Outreach,nonprofit_mail_order,True
Quetiapine Fumarate ER Tablet,200mg,Tablet,Seroquel XR,Mental Health / Depression / Schizophrenia / Bipolar Disorder,False,False,14.0,30.0,0.4667,,$14 for up to 30 tablets$30 for up to 90 tablets,Rx Outreach,nonprofit_mail_order,True
Quetiapine Fumarate ER Tablet,300mg,Tablet,Seroquel XR,Mental Health / Depression / Schizophrenia / Bipolar Disorder,False,False,16.0,35.0,0.5333,,$16 for up to 30 tablets$35 for up to 90 tablets,Rx Outreach,nonprofit_mail_order,True
Quetiapine Fumarate ER Tablet,400mg,Tablet,Seroquel XR,Mental Health / Depression / Schizophrenia / Bipolar Disorder,False,False,16.0,35.0,0.5333,,$16 for up to 30 tablets$35 for up to 90 tablets,Rx Outreach,nonprofit_mail_order,True
Quetiapine Fumarate ER Tablet,50mg,Tablet,Seroquel XR,Mental Health / Depression / Schizophrenia / Bipolar Disorder,False,False,12.0,25.0,0.4,,$12 for up to 30 tablets$25 for up to 90 tablets,Rx Outreach,nonprofit_mail_order,True
Quetiapine Fumarate Tablet,100mg,Tablet,Seroquel,Mental Health / Depression / Schizophrenia / Bipolar Disorder,False,False,12.0,18.0,0.4,,$12 for up to 30 tablets$3 for up to each additional 30 tablets,Rx Outreach,nonprofit_mail_order,True
Quetiapine Fumarate Tablet,200mg,Tablet,Seroquel,Mental Health / Depression / Schizophrenia / Bipolar Disorder,False,False,12.0,18.0,0.4,,$12 for up to 30 tablets$3 for up to each additional 30 tablets,Rx Outreach,nonprofit_mail_order,True
Quetiapine Fumarate Tablet,25mg,Tablet,Seroquel,Mental Health / Depression / Schizophrenia / Bipolar Disorder,False,False,12.0,18.0,0.4,,$12 for up to 30 tablets$3 for up to each additional 30 tablets,Rx Outreach,nonprofit_mail_order,True
Quetiapine Fumarate Tablet,300mg,Tablet,Seroquel,Mental Health / Depression / Schizophrenia / Bipolar Disorder,False,False,18.0,40.0,0.6,,$18 for up to 30 tablets$40 for up to 90 tablets,Rx Outreach,nonprofit_mail_order,True
Quetiapine Fumarate Tablet,400mg,Tablet,Seroquel,Mental Health / Depression / Schizophrenia / Bipolar Disorder,False,False,21.0,50.0,0.7,,$21 for up to 30 tablets$50 for up to 90 tablets,Rx Outreach,nonprofit_mail_order,True
Quetiapine Fumarate Tablet,50mg,Tablet,Seroquel,Mental Health / Depression / Schizophrenia / Bipolar Disorder,False,False,12.0,18.0,0.4,,$12 for up to 30 tablets$3 for up to each additional 30 tablets,Rx Outreach,nonprofit_mail_order,True
Rabeprazole DR Tablet,20mg,Tablet,Aciphex,Heartburn / Acid Reflux / Ulcers,False,False,,27.0,,,$27 for up to 90 tablets,Rx Outreach,nonprofit_mail_order,True
Raloxifene Tablet,60mg,Tablet,Evista,Osteoporosis,False,False,15.0,25.0,0.5,,$15 for up to 30 tablets$5 for up to each additional 30 tablets,Rx Outreach,nonprofit_mail_order,True
Ramelteon Tablet,8mg,Tablet,Rozerem,Insomnia,False,False,22.0,,0.7333,,$22 for up to 30 tablets,Rx Outreach,nonprofit_mail_order,True
Ramipril Capsule,1.25mg,Capsule,Altace,Blood Pressure / Heart / Cardiovascular,False,False,12.0,18.0,0.4,$12 for 30 days$18 for 90 days,,Rx Outreach,nonprofit_mail_order,True
Ramipril Capsule,10mg,Capsule,Altace,Blood Pressure / Heart / Cardiovascular,False,False,12.0,14.0,0.4,$12 for 30 days$14 for 90 days,,Rx Outreach,nonprofit_mail_order,True
Ramipril Capsule,2.5mg,Capsule,Altace,Blood Pressure / Heart / Cardiovascular,False,False,12.0,14.0,0.4,$12 for 30 days$14 for 90 days,,Rx Outreach,nonprofit_mail_order,True
Ramipril Capsule,5mg,Capsule,Altace,Blood Pressure / Heart / Cardiovascular,False,False,12.0,14.0,0.4,$12 for 30 days$14 for 90 days,,Rx Outreach,nonprofit_mail_order,True
Ranolazine ER Tablet,1000mg,Tablet,Ranexa,Chest Pain / Heart / Cardiovascular,False,False,10.5,,0.35,,$21 for up to 60 tablets,Rx Outreach,nonprofit_mail_order,True
Ranolazine ER Tablet,500mg,Tablet,Ranexa,Chest Pain / Heart / Cardiovascular,False,False,8.5,,0.2833,,$17 for up to 60 tablets,Rx Outreach,nonprofit_mail_order,True
Rasagiline Mesylate Tablet,0.5mg,Tablet,Azilect,Parkinson's,False,False,20.0,,0.6667,,$20 for up to 30 tablets,Rx Outreach,nonprofit_mail_order,True
Rasagiline Mesylate Tablet,1mg,Tablet,Azilect,Parkinson's,False,False,20.0,,0.6667,,$20 for up to 30 tablets,Rx Outreach,nonprofit_mail_order,True
Repaglinide Tablet,0.5mg,Tablet,Prandin,Diabetes,False,False,12.0,17.0,0.4,,$12 for up to 30 tablets$17 for up to 90 tablets,Rx Outreach,nonprofit_mail_order,True
Repaglinide Tablet,1mg,Tablet,Prandin,Diabetes,False,False,12.0,17.0,0.4,,$12 for up to 30 tablets$17 for up to 90 tablets,Rx Outreach,nonprofit_mail_order,True
Repaglinide Tablet,2mg,Tablet,Prandin,Diabetes,False,False,12.0,17.0,0.4,,$12 for up to 30 tablets$17 for up to 90 tablets,Rx Outreach,nonprofit_mail_order,True
Risedronate Sodium Tablet,150mg (once a month dosage),Tablet,Actonel | Atelvia,Osteoporosis,False,False,,,,,$20 per dosage,Rx Outreach,nonprofit_mail_order,True
Risedronate Sodium Tablet,35mg (once a week dosage),Tablet,Actonel | Atelvia,Osteoporosis,False,False,25.0,,0.8333,,$25 per pack of 4 tablets,Rx Outreach,nonprofit_mail_order,True
Risperidone Tablet,0.25mg,Tablet,Risperdal,Mental Health / Schizophrenia / Bipolar Disorder,False,False,12.0,20.0,0.4,$12 for 30 days$20 for 90 days,,Rx Outreach,nonprofit_mail_order,True
Risperidone Tablet,0.5mg,Tablet,Risperdal,Mental Health / Schizophrenia / Bipolar Disorder,False,False,11.0,14.0,0.3667,$11 for 30 days$14 for 90 days,,Rx Outreach,nonprofit_mail_order,True
Risperidone Tablet,1mg,Tablet,Risperdal,Mental Health / Schizophrenia / Bipolar Disorder,False,False,11.0,14.0,0.3667,$11 for 30 days$14 for 90 days,,Rx Outreach,nonprofit_mail_order,True
Risperidone Tablet,2mg,Tablet,Risperdal,Mental Health / Schizophrenia / Bipolar Disorder,False,False,11.0,14.0,0.3667,$11 for 30 days$14 for 90 days,,Rx Outreach,nonprofit_mail_order,True
Risperidone Tablet,3mg,Tablet,Risperdal,Mental Health / Schizophrenia / Bipolar Disorder,False,False,11.0,14.0,0.3667,$11 for 30 days$14 for 90 days,,Rx Outreach,nonprofit_mail_order,True
Risperidone Tablet,4mg,Tablet,Risperdal,Mental Health / Schizophrenia / Bipolar Disorder,False,False,11.0,14.0,0.3667,$11 for 30 days$14 for 90 days,,Rx Outreach,nonprofit_mail_order,True
Rivaroxaban Tablet,2.5mg,Tablet,Xarelto,Blood Thinner / Heart / Cardiovascular,False,False,20.0,40.0,0.6667,,$20 for up to 30 tablets$10 for up to each additional 30 tablets,Rx Outreach,nonprofit_mail_order,True
Rivastigmine Patch 24 hours,13.3mg/24HR,Patch,Exelon,Alzheimer's / Dementia,False,False,,,,,$33 for a box of 30 patches,Rx Outreach,nonprofit_mail_order,True
Rivastigmine Patch 24 hours,4.6mg/24HR,Patch,Exelon,Alzheimer's / Dementia,False,False,,,,,$33 for a box of 30 patches,Rx Outreach,nonprofit_mail_order,True
Rivastigmine Patch 24 hours,9.5mg/24HR,Patch,Exelon,Alzheimer's / Dementia,False,False,,,,,$33 for a box of 30 patches,Rx Outreach,nonprofit_mail_order,True
Rivastigmine tartrate Capsule,1.5mg,Capsule,Exelon,Alzheimer's / Dementia,False,False,12.5,,0.4167,,$25 for up to 60 capsules,Rx Outreach,nonprofit_mail_order,True
Rivastigmine tartrate Capsule,3mg,Capsule,Exelon,Alzheimer's / Dementia,False,False,10.0,,0.3333,,$20 for up to 60 capsules,Rx Outreach,nonprofit_mail_order,True
Rivastigmine tartrate Capsule,4.5mg,Capsule,Exelon,Alzheimer's / Dementia,False,False,10.0,,0.3333,,$20 for up to 60 capsules,Rx Outreach,nonprofit_mail_order,True
Rivastigmine tartrate Capsule,6mg,Capsule,Exelon,Alzheimer's / Dementia,False,False,12.5,,0.4167,,$25 for up to 60 capsules,Rx Outreach,nonprofit_mail_order,True
Rizatriptan Tablet,10mg,Tablet,Maxalt | Maxalt-Mlt,Migraines,False,False,20.0,,0.6667,,$20 for up to 18 tablets,Rx Outreach,nonprofit_mail_order,True
Rizatriptan Tablet,5mg,Tablet,Maxalt | Maxalt-Mlt,Migraines,False,False,20.0,,0.6667,,$20 for up to 18 tablets,Rx Outreach,nonprofit_mail_order,True
Roflumilast Tablet,500mcg,Tablet,Daliresp,Respiratory Disease / COPD,False,False,,50.0,,,$50 for up to 90 tablets,Rx Outreach,nonprofit_mail_order,True
Ropinirole ER Tablet,12mg,Tablet,Requip XL,Parkinson's / Restless Leg,False,False,35.0,,1.1667,,$35 for up to 30 tablets,Rx Outreach,nonprofit_mail_order,True
Ropinirole ER Tablet,2mg,Tablet,Requip XL,Parkinson's / Restless Leg,False,False,15.0,25.0,0.5,,$15 for up to 30 tablets$5 for up to each additional 30 tablets,Rx Outreach,nonprofit_mail_order,True
Ropinirole ER Tablet,4mg,Tablet,Requip XL,Parkinson's / Restless Leg,False,False,15.0,25.0,0.5,,$15 for up to 30 tablets$5 for up to each additional 30 tablets,Rx Outreach,nonprofit_mail_order,True
Ropinirole ER Tablet,6mg,Tablet,Requip XL,Parkinson's / Restless Leg,False,False,15.0,25.0,0.5,,$15 for up to 30 tablets$5 for up to each additional 30 tablets,Rx Outreach,nonprofit_mail_order,True
Ropinirole ER Tablet,8mg,Tablet,Requip XL,Parkinson's / Restless Leg,False,False,22.0,42.0,0.7333,,$22 for up to 30 tablets$10 for up to each additional 30 tablets,Rx Outreach,nonprofit_mail_order,True
Ropinirole Tablet,0.25mg,Tablet,Requip,Parkinson's / Restless Leg,False,False,12.0,15.0,0.4,$12 for 30 days$15 for 90 days,,Rx Outreach,nonprofit_mail_order,True
Ropinirole Tablet,0.5mg,Tablet,Requip,Parkinson's / Restless Leg,False,False,12.0,15.0,0.4,$12 for 30 days$15 for 90 days,,Rx Outreach,nonprofit_mail_order,True
Ropinirole Tablet,1mg,Tablet,Requip,Parkinson's / Restless Leg,False,False,12.0,15.0,0.4,$12 for 30 days$15 for 90 days,,Rx Outreach,nonprofit_mail_order,True
Ropinirole Tablet,2mg,Tablet,Requip,Parkinson's / Restless Leg,False,False,12.0,15.0,0.4,$12 for 30 days$15 for 90 days,,Rx Outreach,nonprofit_mail_order,True
Ropinirole Tablet,4mg,Tablet,Requip,Parkinson's / Restless Leg,False,False,12.0,15.0,0.4,$12 for 30 days$15 for 90 days,,Rx Outreach,nonprofit_mail_order,True
Ropinirole Tablet,5mg,Tablet,Requip,Parkinson's / Restless Leg,False,False,12.0,15.0,0.4,$12 for 30 days$15 for 90 days,,Rx Outreach,nonprofit_mail_order,True
Rosuvastatin Calcium Tablet,10mg,Tablet,Crestor,Heart / Cholesterol,False,False,17.0,36.0,0.5667,,$17 for up to 30 tablets$36 for up to 90 tablets,Rx Outreach,nonprofit_mail_order,True
Rosuvastatin Calcium Tablet,20mg,Tablet,Crestor,Heart / Cholesterol,False,False,17.0,36.0,0.5667,,$17 for up to 30 tablets$36 for up to 90 tablets,Rx Outreach,nonprofit_mail_order,True
Rosuvastatin Calcium Tablet,40mg,Tablet,Crestor,Heart / Cholesterol,False,False,17.0,36.0,0.5667,,$17 for up to 30 tablets$36 for up to 90 tablets,Rx Outreach,nonprofit_mail_order,True
Rosuvastatin Calcium Tablet,5mg,Tablet,Crestor,Heart / Cholesterol,False,False,17.0,36.0,0.5667,,$17 for up to 30 tablets$36 for up to 90 tablets,Rx Outreach,nonprofit_mail_order,True
Rufinamide Tablet,200mg,Tablet,Banzel,Seizures / Epilepsy,False,False,30.0,70.0,1.0,,$30 for up to 30 tablets$20 for up to each additional 30 tablets,Rx Outreach,nonprofit_mail_order,True
Rufinamide Tablet,400mg,Tablet,Banzel,Seizures / Epilepsy,False,False,30.0,70.0,1.0,,$30 for up to 30 tablets$20 for up to each additional 30 tablets,Rx Outreach,nonprofit_mail_order,True
Sacubitril/Valsartan Tablet,24/26mg,Tablet,Entresto,Heart / Cardiovascular,False,False,22.0,,0.7333,,$22 for up to 30 tablets,Rx Outreach,nonprofit_mail_order,True
Sacubitril/Valsartan Tablet,49/51mg,Tablet,Entresto,Heart / Cardiovascular,False,False,22.0,,0.7333,,$22 for up to 30 tablets,Rx Outreach,nonprofit_mail_order,True
Sacubitril/Valsartan Tablet,97/103mg,Tablet,Entresto,Heart / Cardiovascular,False,False,22.0,,0.7333,,$22 for up to 30 tablets,Rx Outreach,nonprofit_mail_order,True
Salagen® Tablet,5mg,Tablet,Pilocarpine,Dry Mouth,False,False,15.0,25.0,0.5,,$15 for up to 30 tablets$5 for up to each additional 30 tablets,Rx Outreach,nonprofit_mail_order,True
Scopolamine Transdermal Patch,1mg / 3 days,Patch,Transderm Scop,Nausea,False,False,28.0,,,,$28 for up to 4 patches,Rx Outreach,nonprofit_mail_order,True
Selegiline HCl Capsule,5mg,Capsule,Eldepryl,Parkinson's,False,False,25.0,55.0,0.8333,,$25 for up to 30 capsules$15 for up to each additional 30 capsules,Rx Outreach,nonprofit_mail_order,True
Sertraline Tablet,100mg,Tablet,Zoloft,Mental Health / Depression /Anxiety / Panic Disorder / OCD,False,False,12.0,25.0,0.4,$12 for 30 days$25 for 90 days,,Rx Outreach,nonprofit_mail_order,True
Sertraline Tablet,25mg,Tablet,Zoloft,Mental Health / Depression /Anxiety / Panic Disorder / OCD,False,False,12.0,25.0,0.4,$12 for 30 days$25 for 90 days,,Rx Outreach,nonprofit_mail_order,True
Sertraline Tablet,50mg,Tablet,Zoloft,Mental Health / Depression /Anxiety / Panic Disorder / OCD,False,False,12.0,25.0,0.4,$12 for 30 days$25 for 90 days,,Rx Outreach,nonprofit_mail_order,True
Sevelamer Carbonate Tablet,800mg,Tablet,Renvela,High Phosphorus / Kidney Disease,False,False,15.0,25.0,0.5,,$15 for up to 30 tablets$25 for up to 90 tablets,Rx Outreach,nonprofit_mail_order,True
Sildenafil Citrate Tablet,100mg,Tablet,Viagra,Men's Health / Erectile Dysfunction,False,False,22.0,60.0,0.7333,,$22 for up to 30 tablets$60 for up to 90 tablets,Rx Outreach,nonprofit_mail_order,True
Sildenafil Citrate Tablet,20mg,Tablet,Revatio,Blood Pressure / Pulmonary Hypertension,False,False,15.0,21.0,0.5,,$15 for up to 30 tablets$3 for up to each additional 30 tablets,Rx Outreach,nonprofit_mail_order,True
Sildenafil Citrate Tablet,25mg,Tablet,Viagra,Men's Health / Erectile Dysfunction,False,False,20.0,,0.6667,,$20 for up to 30 tablets,Rx Outreach,nonprofit_mail_order,True
Sildenafil Citrate Tablet,50mg,Tablet,Viagra,Men's Health / Erectile Dysfunction,False,False,20.0,,0.6667,,$20 for up to 30 tablets,Rx Outreach,nonprofit_mail_order,True
Silodosin Capsule,4mg,Capsule,Rapaflo,Men's Health / Prostate (BPH),False,False,17.5,,0.5833,,$35 for up to 60 capsules,Rx Outreach,nonprofit_mail_order,True
Silodosin Capsule,8mg,Capsule,Rapaflo,Men's Health / Prostate (BPH),False,False,17.5,,0.5833,,$35 for up to 60 capsules,Rx Outreach,nonprofit_mail_order,True
Simvastatin Tablet,10mg,Tablet,Zocor,Heart / Cholesterol,False,False,10.0,15.0,0.3333,$10 for 30 days$15 for 90 days,,Rx Outreach,nonprofit_mail_order,True
Simvastatin Tablet,20mg,Tablet,Zocor,Heart / Cholesterol,False,False,10.0,20.0,0.3333,$10 for 30 days$20 for 90 days,,Rx Outreach,nonprofit_mail_order,True
Simvastatin Tablet,40mg,Tablet,Zocor,Heart / Cholesterol,False,False,10.0,20.0,0.3333,$10 for 30 days$20 for 90 days,,Rx Outreach,nonprofit_mail_order,True
Simvastatin Tablet,5mg,Tablet,Zocor,Heart / Cholesterol,False,False,10.0,15.0,0.3333,$10 for 30 days$15 for 90 days,,Rx Outreach,nonprofit_mail_order,True
Simvastatin Tablet,80mg,Tablet,Zocor,Heart / Cholesterol,False,False,10.0,15.0,0.3333,$10 for 30 days$15 for 90 days,,Rx Outreach,nonprofit_mail_order,True
Sirolimus Tablet,0.5mg,Tablet,Rapamune,Immunosuppressant,False,False,,65.0,,,$65 for up to 90 tablets$20 for up to each additional 30 tablets,Rx Outreach,nonprofit_mail_order,True
Sirolimus Tablet,1mg,Tablet,Rapamune,Immunosuppressant,False,False,,65.0,,,$65 for up to 90 tablets$20 for up to each additional 30 tablets,Rx Outreach,nonprofit_mail_order,True
Sirolimus Tablet,2mg,Tablet,Rapamune,Immunosuppressant,False,False,,100.0,,,$100 for up to 90 tablets$65 for up to each additional 30 tablets,Rx Outreach,nonprofit_mail_order,True
Sitagliptin Tablet,100mg,Tablet,Januvia,Diabetes,False,False,40.0,90.0,1.3333,,$40 for up to 30 tablets$25 for up to each additional 30 tablets,Rx Outreach,nonprofit_mail_order,True
Sitagliptin Tablet,25mg,Tablet,Januvia,Diabetes,False,False,40.0,90.0,1.3333,,$40 for up to 30 tablets$25 for up to each additional 30 tablets,Rx Outreach,nonprofit_mail_order,True
Sitagliptin Tablet,50mg,Tablet,Januvia,Diabetes,False,False,40.0,90.0,1.3333,,$40 for up to 30 tablets$25 for up to each additional 30 tablets,Rx Outreach,nonprofit_mail_order,True
Sitagliptin/Metformin Tablet,50/1000mg,Tablet,Janumet,Diabetes,False,False,27.5,,0.9167,,$55 for up to 60 tablets$35 for up to each additional 60 tablets,Rx Outreach,nonprofit_mail_order,True
Sitagliptin/Metformin Tablet,50/500mg,Tablet,Janumet,Diabetes,False,False,27.5,,0.9167,,$55 for up to 60 tablets$35 for up to each additional 60 tablets,Rx Outreach,nonprofit_mail_order,True
Sodium Sulfate/Potassium Sulfate/Magnesium Sulfate Solution kit,17.5/3.13/1.6g,Solution,Suprep | Bowel Prep,Colonoscopy,False,False,38.0,,,,$38 for each kit,Rx Outreach,nonprofit_mail_order,True
Solifenacin Tablet,10mg,Tablet,Vesicare,Urinary,False,False,12.0,15.0,0.4,,$12 for up to 30 tablets$15 for up to 90 tablets,Rx Outreach,nonprofit_mail_order,True
Solifenacin Tablet,5mg,Tablet,Vesicare,Urinary,False,False,12.0,15.0,0.4,,$12 for up to 30 tablets$15 for up to 90 tablets,Rx Outreach,nonprofit_mail_order,True
Sotalol Tablet,120mg,Tablet,Sorine | Betapace,Heart / Cardiovascular,False,False,10.0,16.0,0.3333,$10 for 30 days$16 for 90 days,,Rx Outreach,nonprofit_mail_order,True
Sotalol Tablet,160mg,Tablet,Sorine | Betapace,Heart / Cardiovascular,False,False,10.0,16.0,0.3333,$10 for 30 days$16 for 90 days,,Rx Outreach,nonprofit_mail_order,True
Sotalol Tablet,80mg,Tablet,Sorine | Betapace,Heart / Cardiovascular,False,False,10.0,16.0,0.3333,$10 for 30 days$16 for 90 days,,Rx Outreach,nonprofit_mail_order,True
Spironolactone Tablet,100mg,Tablet,Aldactone,Blood Pressure / Fluid Retention / Cardiovascular,False,False,10.0,16.0,0.3333,$10 for 30 days$16 for 90 days,,Rx Outreach,nonprofit_mail_order,True
Spironolactone Tablet,25mg,Tablet,Aldactone,Blood Pressure / Fluid Retention / Cardiovascular,False,False,12.0,25.0,0.4,$12 for 30 days$25 for 90 days,,Rx Outreach,nonprofit_mail_order,True
Spironolactone Tablet,50mg,Tablet,Aldactone,Blood Pressure / Fluid Retention / Cardiovascular,False,False,10.0,16.0,0.3333,$10 for 30 days$16 for 90 days,,Rx Outreach,nonprofit_mail_order,True
Spironolactone/HCTZ Tablet,25mg/25mg,Tablet,Aldactazide,Blood Pressure / Fluid Retention / Cardiovascular,False,False,18.0,40.0,0.6,,$18 for up to 30 tablets$40 for up to 90 tablets,Rx Outreach,nonprofit_mail_order,True
Sucralfate Tablet,1gm,Tablet,Carafate,Ulcers,False,False,30.0,,1.0,,$30 for up to 120 tablets,Rx Outreach,nonprofit_mail_order,True
Sulfamethoxazole/Trimethoprim DS,800mg/160mg,Other,Bactrim | DS | Septra | DS,Antibiotic,False,False,10.0,15.0,,$10 for 30 days$15 for 90 days,,Rx Outreach,nonprofit_mail_order,True
Sulfasalazine DR Tablet,500mg,Tablet,Azulfidine EN-tabs | Sulfazine EC,Rheumatoid Arthritis / Ulcerative Colitis,False,False,11.0,20.0,0.3667,,$11 for up to 30 tablets$20 for up to 90 tablets,Rx Outreach,nonprofit_mail_order,True
Sulfasalazine Tablet,500mg,Tablet,Sulfazine | Azulfidine,Rheumatoid Arthritis / Ulcerative Colitis,False,False,,13.0,,,$13 for up to 90 tablets$9 for up to each additional 30 tablets,Rx Outreach,nonprofit_mail_order,True
Sumatriptan Succ Tablet,100mg,Tablet,Imitrex,Migraines,False,False,35.0,,1.1667,,$35 for up to 27 tablets,Rx Outreach,nonprofit_mail_order,True
Sumatriptan Succ Tablet,25mg,Tablet,Imitrex,Migraines,False,False,14.58,,0.486,,$35 for up to 72 tablets,Rx Outreach,nonprofit_mail_order,True
Sumatriptan Succ Tablet,50mg,Tablet,Imitrex,Migraines,False,False,19.44,,0.648,,$35 for up to 54 tablets,Rx Outreach,nonprofit_mail_order,True
Syeda Tablet Pack,3mg/0.03mg,Tablet,Yasmin | Ocella | Zarah,Women's Health / Birth Control / Contraceptive,False,False,6.67,20.0,0.2223,,$20 for up to 3 packs of 28 tablets,Rx Outreach,nonprofit_mail_order,True
Tacrolimus Capsule,0.5mg,Capsule,Prograf,Immunosuppressant,False,False,10.5,,0.35,,$21 for up to 60 capsules,Rx Outreach,nonprofit_mail_order,True
Tacrolimus Capsule,1mg,Capsule,Prograf,Immunosuppressant,False,False,10.5,,0.35,,$21 for up to 60 capsules,Rx Outreach,nonprofit_mail_order,True
Tacrolimus Capsule,5mg,Capsule,Prograf,Immunosuppressant,False,False,20.0,,0.6667,,$40 for up to 60 capsules,Rx Outreach,nonprofit_mail_order,True
Tacrolimus Ointmenttube,0.1%,Ointment,Protopic,Eczema / Psoriasis / Itching / Skin Inflammation,False,False,30.0,,,,$30 per tube,Rx Outreach,nonprofit_mail_order,True
Tacrolimus XL Capsule,0.5mg,Capsule,Astagraf XL,Immunosuppressant,False,False,65.0,165.0,2.1667,,$50 for up to each additional 30 tablets$65 for up to 30 tablets,Rx Outreach,nonprofit_mail_order,True
Tacrolimus XL Capsule,1mg,Capsule,Astagraf XL,Immunosuppressant,False,False,110.0,,3.6667,,$110 for up to 30 tablets,Rx Outreach,nonprofit_mail_order,True
Tadalafil Tablet,10mg,Tablet,Cialis,Men's Health / Erectile Dysfunction / Prostate (BPH),False,False,12.0,,0.4,,$12 for up to 30 tablets,Rx Outreach,nonprofit_mail_order,True
Tadalafil Tablet,2.5mg,Tablet,Cialis,Men's Health / Erectile Dysfunction / Prostate (BPH),False,False,12.0,,0.4,,$12 for up to 30 tablets,Rx Outreach,nonprofit_mail_order,True
Tadalafil Tablet,20mg,Tablet,Adcirca | Cialis,Blood Pressure / Pulmonary Hypertension / Men's Health / Erectile Dysfunction / Prostate (BPH),False,False,15.0,,0.5,,$15 for up to 30 tablets,Rx Outreach,nonprofit_mail_order,True
Tadalafil Tablet,5mg,Tablet,Cialis,Men's Health / Erectile Dysfunction / Prostate (BPH),False,False,15.0,,0.5,,$15 for up to 30 tablets,Rx Outreach,nonprofit_mail_order,True
Tamoxifen Citrate Tablet,10mg,Tablet,Soltamox,Breast Cancer,False,False,13.0,25.0,0.4333,,$13 for up to 30 tablets$25 for up to 90 tablets,Rx Outreach,nonprofit_mail_order,True
Tamoxifen Citrate Tablet,20mg,Tablet,Soltamox,Breast Cancer,False,False,16.0,35.0,0.5333,,$16 for up to 30 tablets$35 for up to 90 tablets,Rx Outreach,nonprofit_mail_order,True
Tamsulosin Capsule,0.4mg,Capsule,Flomax,Men's Health / Prostate (BPH),False,False,14.0,30.0,0.4667,$14 for 30 days$30 for 90 days,,Rx Outreach,nonprofit_mail_order,True
Tazarotene Creamtube,0.1%,Cream,Tazorac,Psoriasis / Acne / Antiaging,False,False,50.0,,,,$50 per tube,Rx Outreach,nonprofit_mail_order,True
Telmisartan Tablet,20mg,Tablet,Micardis,Blood Pressure / Heart / Cardiovascular,False,False,13.0,18.0,0.4333,$13 for 30 days$18 for 90 days,,Rx Outreach,nonprofit_mail_order,True
Telmisartan Tablet,40mg,Tablet,Micardis,Blood Pressure / Heart / Cardiovascular,False,False,13.0,18.0,0.4333,$13 for 30 days$18 for 90 days,,Rx Outreach,nonprofit_mail_order,True
Telmisartan Tablet,80mg,Tablet,Micardis,Blood Pressure / Heart / Cardiovascular,False,False,13.0,18.0,0.4333,$13 for 30 days$18 for 90 days,,Rx Outreach,nonprofit_mail_order,True
Telmisartan/HCTZ Tablet,40/12.5mg,Tablet,Micardis HCT,Blood Pressure / Fluid Retention / Cardiovascular,False,False,20.0,40.0,0.6667,,$20 for up to 30 tablets$10 for up to each additional 30 tablets,Rx Outreach,nonprofit_mail_order,True
Telmisartan/HCTZ Tablet,80/12.5mg,Tablet,Micardis HCT,Blood Pressure / Fluid Retention / Cardiovascular,False,False,20.0,40.0,0.6667,,$20 for up to 30 tablets$10 for up to each additional 30 tablets,Rx Outreach,nonprofit_mail_order,True
Telmisartan/HCTZ Tablet,80/25mg,Tablet,Micardis HCT,Blood Pressure / Fluid Retention / Cardiovascular,False,False,20.0,40.0,0.6667,,$20 for up to 30 tablets$10 for up to each additional 30 tablets,Rx Outreach,nonprofit_mail_order,True
Temazepam Capsule,15mg,Capsule,Restoril,Insomnia,True,False,10.0,16.0,0.3333,,$10 for up to 30 capsules$16 for up to 90 capsules,Rx Outreach,nonprofit_mail_order,True
Temazepam Capsule,30mg,Capsule,Restoril,Insomnia,True,False,10.0,16.0,0.3333,,$10 for up to 30 capsules$16 for up to 90 capsules,Rx Outreach,nonprofit_mail_order,True
Temozolomide Capsule,100mg,Capsule,Temodar,Cancer,False,False,20.0,,0.6667,,$20 for up to 5 capsules$10 for up to each additional 5 capsules,Rx Outreach,nonprofit_mail_order,True
Temozolomide Capsule,140mg,Capsule,Temodar,Cancer,False,False,25.0,,0.8333,,$25 for up to 5 capsules$15 for up to each additional 5 capsules,Rx Outreach,nonprofit_mail_order,True
Temozolomide Capsule,180mg,Capsule,Temodar,Cancer,False,False,25.0,,0.8333,,$25 for up to 5 capsules$15 for up to each additional 5 capsules,Rx Outreach,nonprofit_mail_order,True
Tenofovir Disoproxil Fumarate Tablet,300mg,Tablet,Viread,Antiviral / HIV / Hepatitis B,False,False,20.0,30.0,0.6667,,$20 for up to 30 tablets$30 for up to 90 tablets,Rx Outreach,nonprofit_mail_order,True
Terazosin Capsule,10mg,Capsule,Hytrin,Men's Health / Prostate (BPH) / Blood Pressure / Cardiovascular,False,False,13.0,20.0,0.4333,$13 for 30 days$20 for 90 days,,Rx Outreach,nonprofit_mail_order,True
Terazosin Capsule,1mg,Capsule,Hytrin,Men's Health / Prostate (BPH) / Blood Pressure / Cardiovascular,False,False,13.0,20.0,0.4333,$13 for 30 days$20 for 90 days,,Rx Outreach,nonprofit_mail_order,True
Terazosin Capsule,2mg,Capsule,Hytrin,Men's Health / Prostate (BPH) / Blood Pressure / Cardiovascular,False,False,13.0,20.0,0.4333,$13 for 30 days$20 for 90 days,,Rx Outreach,nonprofit_mail_order,True
Terazosin Capsule,5mg,Capsule,Hytrin,Men's Health / Prostate (BPH) / Blood Pressure / Cardiovascular,False,False,13.0,20.0,0.4333,$13 for 30 days$20 for 90 days,,Rx Outreach,nonprofit_mail_order,True
Terconazole Cream,0.8%,Cream,Terazol,Antifungal,False,False,30.0,,,,$30 for 1 tube$10 for each additional tube,Rx Outreach,nonprofit_mail_order,True
Teriflunomide Tablet,14mg,Tablet,Aubagio,Multiple Sclerosis,False,False,45.0,,1.5,,$45 for up to 30 tablets,Rx Outreach,nonprofit_mail_order,True
Teriflunomide Tablet,7mg,Tablet,Aubagio,Multiple Sclerosis,False,False,15.0,,0.5,,$15 for up to 30 tablets,Rx Outreach,nonprofit_mail_order,True
Testosterone Cypionate Solution,200mg/ml - 10ml vial,Solution,Depo | - Testosterone,Men's Health / Hormones,True,False,45.0,,,,$45 per vial,Rx Outreach,nonprofit_mail_order,True
Testosterone Cypionate Solution,200mg/ml - 1ml vial,Solution,Depo | - Testosterone,Men's Health / Hormones,True,False,20.0,,,,$20 per vial,Rx Outreach,nonprofit_mail_order,True
Testosterone Gel Packet,20.25mg 1.62% (1.25g per packet),Gel,Androgel,Men's Health / Hormones,True,False,75.0,,,,$75 for up to 15 packets,Rx Outreach,nonprofit_mail_order,True
Testosterone Gel Packet,50mg 1% (5gm of gel per packet),Gel,Vogelxo | AndroGel | Testim | Fortesta,Men's Health / Hormones,True,False,,,,,$55 for a carton of 30 packets,Rx Outreach,nonprofit_mail_order,True
Testosterone Gel Pump,12.5mg per pump actuation 1% (88g pump),Gel,Vogelxo,Men's Health / Hormones,True,False,,,,,$75 for a carton of 2 pumps,Rx Outreach,nonprofit_mail_order,True
Testosterone Gel Pump,20.25mg per pump actuation; 1.62% (88g pump),Gel,AndroGel 1.62%,Men's Health / Hormones,True,False,50.0,,,,$50 per pump,Rx Outreach,nonprofit_mail_order,True
Testosterone Gel Tube,50mg 1% (5gm of gel per tube),Gel,Vogelxo | AndroGel | Testim | Fortesta,Men's Health / Hormones,True,False,,,,,$75 for a carton of 30 tubes,Rx Outreach,nonprofit_mail_order,True
Tetrabenazine Tablet,12.5mg,Tablet,Xenazine,Huntington's Disease,False,False,,36.0,,,$36 for up to 90 tablets,Rx Outreach,nonprofit_mail_order,True
Tetrabenazine Tablet,25mg,Tablet,Xenazine,Huntington's Disease,False,False,,65.0,,,$65 for up to 90 tablets,Rx Outreach,nonprofit_mail_order,True
Theophylline ER Tablet,300mg,Tablet,Theochron,Asthma / COPD,False,False,0.0,0.0,,,$0 for up to 90 daysSupported through a partnership for a limited time,Rx Outreach,nonprofit_mail_order,True
Theophylline ER Tablet,450mg,Tablet,Theochron,Asthma / COPD,False,False,0.0,0.0,,,$0 for up to 90 daysSupported through a partnership for a limited time,Rx Outreach,nonprofit_mail_order,True
Tiagabine Tablet,2mg,Tablet,Gabitril,Seizures / Epilepsy,False,False,26.0,76.0,0.8667,,$52 for up to 60 tablets$25 for up to each additional 30 tablets,Rx Outreach,nonprofit_mail_order,True
Tiagabine Tablet,4mg,Tablet,Gabitril,Seizures / Epilepsy,False,False,26.0,76.0,0.8667,,$52 for up to 60 tablets$25 for up to each additional 30 tablets,Rx Outreach,nonprofit_mail_order,True
Ticagrelor Tablet,60mg,Tablet,Brilinta,Cardiovascular / Blood Thinner,False,False,12.5,,0.4167,,$25 for up to 60 tablets$10 for up to each additional 60 tablets,Rx Outreach,nonprofit_mail_order,True
Ticagrelor Tablet,90mg,Tablet,Brilinta,Cardiovascular / Blood Thinner,False,False,15.0,,0.5,,$30 for up to 60 tablets$15 for up to each additional 60 tablets,Rx Outreach,nonprofit_mail_order,True
Tizanidine HCL Tablet,2mg,Tablet,Zanaflex,Muscle Relaxer,False,False,16.0,35.0,0.5333,$16 for 30 days$35 for 90 days,,Rx Outreach,nonprofit_mail_order,True
Tizanidine HCL Tablet,4mg,Tablet,Zanaflex,Muscle Relaxer,False,False,16.0,35.0,0.5333,$16 for 30 days$35 for 90 days,,Rx Outreach,nonprofit_mail_order,True
Tofacitinib ER Tablet,11mg,Tablet,Xeljanz XR,Rheumatoid Arthritis / Psoriatic Arthritis,False,False,35.0,85.0,1.1667,,$35 for up to 30 tablets$25 for up to each additional 30 tablets,Rx Outreach,nonprofit_mail_order,True
Tofacitinib Tablet,10mg,Tablet,Xeljanz,Rheumatoid Arthritis / Psoriatic Arthritis,False,False,25.0,,0.8333,,$50 for up to 60 tablets$35 for up to each additional 60 tablets,Rx Outreach,nonprofit_mail_order,True
Tofacitinib Tablet,5mg,Tablet,Xeljanz,Rheumatoid Arthritis / Psoriatic Arthritis,False,False,20.0,,0.6667,,$40 for up to 60 tablets$25 for up to each additional 60 tablets,Rx Outreach,nonprofit_mail_order,True
Tolterodine ER Capsule,2mg,Capsule,Detrol LA,Urinary,False,False,16.0,,0.5333,,$16 for up to 30 capsules$6 for up to each additional 60 capsules,Rx Outreach,nonprofit_mail_order,True
Tolterodine ER Capsule,4mg,Capsule,Detrol LA,Urinary,False,False,16.0,,0.5333,,$16 for up to 30 capsules$6 for up to each additional 60 capsules,Rx Outreach,nonprofit_mail_order,True
Tolterodine Tablet,1mg,Tablet,Detrol,Urinary,False,False,15.0,,0.5,,$15 for up to 30 tablets$3 for up to each additional 60 tablets,Rx Outreach,nonprofit_mail_order,True
Tolterodine Tablet,2mg,Tablet,Detrol,Urinary,False,False,15.0,,0.5,,$15 for up to 30 tablets$3 for up to each additional 60 tablets,Rx Outreach,nonprofit_mail_order,True
Topiramate ER Capsule,100mg,Capsule,Qudexy XR | Trokendi XR,Seizures / Epilepsy / Migraines,False,False,50.0,110.0,1.6667,,$50 for up to 30 capsules$110 for up to 90 capsules,Rx Outreach,nonprofit_mail_order,True
Topiramate ER Capsule,150mg,Capsule,Qudexy XR | Trokendi XR,Seizures / Epilepsy / Migraines,False,False,40.0,75.0,1.3333,,$40 for up to 30 capsules$75 for up to 90 capsules,Rx Outreach,nonprofit_mail_order,True
Topiramate ER Capsule,200mg,Capsule,Qudexy XR | Trokendi XR,Seizures / Epilepsy / Migraines,False,False,40.0,75.0,1.3333,,$40 for up to 30 capsules$75 for up to 90 capsules,Rx Outreach,nonprofit_mail_order,True
Topiramate ER Capsule,25mg,Capsule,Qudexy XR | Trokendi XR,Seizures / Epilepsy / Migraines,False,False,35.0,,1.1667,,$35 for up to 30 capsules$50 for up to 180 capsules,Rx Outreach,nonprofit_mail_order,True
Topiramate ER Capsule,50mg,Capsule,Qudexy XR | Trokendi XR,Seizures / Epilepsy / Migraines,False,False,35.0,,1.1667,,$35 for up to 30 capsules$50 for up to 180 capsules,Rx Outreach,nonprofit_mail_order,True
Topiramate Tablet,100mg,Tablet,Topamax | Topiragen,Seizures / Epilepsy / Migraines,False,False,12.0,15.0,0.4,$12 for 30 days$15 for 90 days,,Rx Outreach,nonprofit_mail_order,True
Topiramate Tablet,200mg,Tablet,Topamax | Topiragen,Seizures / Epilepsy / Migraines,False,False,12.0,15.0,0.4,$12 for 30 days$15 for 90 days,,Rx Outreach,nonprofit_mail_order,True
Topiramate Tablet,25mg,Tablet,Topamax | Topiragen,Seizures / Epilepsy / Migraines,False,False,12.0,15.0,0.4,$12 for 30 days$15 for 90 days,,Rx Outreach,nonprofit_mail_order,True
Topiramate Tablet,50mg,Tablet,Topamax | Topiragen,Seizures / Epilepsy / Migraines,False,False,12.0,15.0,0.4,$12 for 30 days$15 for 90 days,,Rx Outreach,nonprofit_mail_order,True
Torsemide Tablet,10mg,Tablet,Demadex,Blood Pressure / Fluid Retention / Cardiovascular,False,False,,15.0,,,$15 for up to 90 tablets,Rx Outreach,nonprofit_mail_order,True
Torsemide Tablet,20mg,Tablet,Demadex,Blood Pressure / Fluid Retention / Cardiovascular,False,False,,15.0,,,$15 for up to 90 tablets,Rx Outreach,nonprofit_mail_order,True
Tramadol HCl ER tablet,100mg,Tablet,Ultram | ER | Ryzolt | ConZip,Pain,True,False,40.0,,1.3333,,$40 for up to 30 tablets,Rx Outreach,nonprofit_mail_order,True
Tramadol HCl ER tablet,200mg,Tablet,Ultram | ER | Ryzolt | ConZip,Pain,True,False,40.0,,1.3333,,$40 for up to 30 tablets,Rx Outreach,nonprofit_mail_order,True
Tramadol HCl ER tablet,300mg,Tablet,Ultram | ER | Ryzolt | ConZip,Pain,True,False,60.0,,2.0,,$60 for up to 30 tablets,Rx Outreach,nonprofit_mail_order,True
Tramadol Tablet,50mg,Tablet,Ultram,Pain,True,False,8.0,14.0,0.2667,,$8 for up to 30 tablets$3 for up to each additional 30 tablets,Rx Outreach,nonprofit_mail_order,True
Tramadol/Acetaminophen tablet,37.5mg/325mg,Tablet,Ultracet,Pain,True,False,30.0,,1.0,,$30 for up to 120 tablets,Rx Outreach,nonprofit_mail_order,True
Trandolapril Tablet,2mg,Tablet,Mavik,Blood Pressure / Heart / Cardiovascular,False,False,14.0,20.0,0.4667,$14 for 30 days$20 for 90 days,,Rx Outreach,nonprofit_mail_order,True
Trandolapril Tablet,4mg,Tablet,Mavik,Blood Pressure / Heart / Cardiovascular,False,False,14.0,20.0,0.4667,$14 for 30 days$20 for 90 days,,Rx Outreach,nonprofit_mail_order,True
Trazodone Tablet,100mg,Tablet,Desyrel,Mental Health / Depression,False,False,8.0,10.0,0.2667,$8 for 30 days$10 for 90 days,,Rx Outreach,nonprofit_mail_order,True
Trazodone Tablet,150mg,Tablet,Desyrel,Mental Health / Depression,False,False,8.0,10.0,0.2667,$8 for 30 days$10 for 90 days,,Rx Outreach,nonprofit_mail_order,True
Trazodone Tablet,50mg,Tablet,Desyrel,Mental Health / Depression,False,False,8.0,10.0,0.2667,$8 for 30 days$10 for 90 days,,Rx Outreach,nonprofit_mail_order,True
Tretinoin 0.025% Cream,0.025%,Cream,Avita,Acne / Antiaging,False,False,25.0,,,,$25 per tube,Rx Outreach,nonprofit_mail_order,True
Tretinoin Cream,0.025%,Cream,Retin-A,Acne / Antiaging,False,False,30.0,,,,$30 for 1 tube$15 for each additional tube,Rx Outreach,nonprofit_mail_order,True
Tretinoin Cream,0.05%,Cream,Retin-A,Acne / Antiaging,False,False,50.0,,,,$50 per tube,Rx Outreach,nonprofit_mail_order,True
Tretinoin Cream,0.1%,Cream,Retin-A,Acne / Antiaging,False,False,35.0,,,,$35 for 1 tube$20 for each additional tube,Rx Outreach,nonprofit_mail_order,True
Triamcinolone Cream,0.1%,Cream,Kenalog,Eczema / Psoriasis / Itching / Skin Inflammation,False,False,12.0,,,,$12 per tube,Rx Outreach,nonprofit_mail_order,True
Triamcinolone Cream,0.1%,Cream,,Eczema / Psoriasis / Itching / Skin Inflammation,False,False,,,,,$18 per jar,Rx Outreach,nonprofit_mail_order,True
Triamcinolone Ointment,0.1%,Ointment,,Eczema / Psoriasis / Itching / Skin Inflammation,False,False,,,,,$20 per jar,Rx Outreach,nonprofit_mail_order,True
Triamcinolone Ointment,0.1%,Ointment,,Eczema / Psoriasis / Itching / Skin Inflammation,False,False,20.0,,,,$20 per tube,Rx Outreach,nonprofit_mail_order,True
Triamterene/HCTZ Capsule,37.5/25mg,Capsule,Dyazide,Blood Pressure / Fluid Retention / Cardiovascular,False,False,10.0,15.0,0.3333,$10 for 30 days$15 for 90 days,,Rx Outreach,nonprofit_mail_order,True
Triamterene/HCTZ Tablet,37.5/25mg,Tablet,Maxzide,Blood Pressure / Fluid Retention / Cardiovascular,False,False,10.0,15.0,0.3333,$10 for 30 days$15 for 90 days,,Rx Outreach,nonprofit_mail_order,True
Triamterene/HCTZ Tablet,75/50mg,Tablet,Maxzide,Blood Pressure / Fluid Retention / Cardiovascular,False,False,10.0,15.0,0.3333,$10 for 30 days$15 for 90 days,,Rx Outreach,nonprofit_mail_order,True
Tri-Estarylla® (Norgestimate/Ethinyl Estradiol) Tablet Pack,0.18-0.215-0.25/0.035mg,Tablet,Ortho-Tri-Cyclen | Tri-Sprintec | Trinessa | Tri-Linyah,Women's Health / Birth Control / Contraceptive,False,False,6.67,20.0,0.2223,,$20 for up to 3 packs of 28 tablets,Rx Outreach,nonprofit_mail_order,True
Tri-Lo-Marzia Tablet Pack,0.18/0.215/0.25mg- 25mcg,Tablet,Ortho -Tri-Cyclen Lo | Tri-Lo-Sprintec | Tri-Lo-Marzia,Women's Health / Birth Control / Contraceptive,False,False,6.67,20.0,0.2223,,$20 for up to 3 packs of 28 tablets,Rx Outreach,nonprofit_mail_order,True
Trospium Chloride Tablet,20mg,Tablet,Sanctura,Urinary,False,False,15.0,,0.5,,$30 for up to 60 tablets,Rx Outreach,nonprofit_mail_order,True
Turqoz Tablet Pack,0.3mg/0.03mg,Tablet,Lo | Ovral | Cryselle,Women's Health / Birth Control / Contraceptive,False,False,8.33,25.0,0.2777,,$25 for up to 3 packs of 28 tablets,Rx Outreach,nonprofit_mail_order,True
Uroxatral® Tablet,10mg,Tablet,Alfuzosin HCl ER,Men's Health / Prostate (BPH),False,False,46.0,62.0,1.5333,,$46 for up to 30 tablets$8 for up to each additional 30 tablets,Rx Outreach,nonprofit_mail_order,True
Ursodiol Capsule,300mg,Capsule,Actigall,Gallstones,False,False,40.0,,1.3333,,$40 for up to 30 capsules,Rx Outreach,nonprofit_mail_order,True
Ursodiol Tablet,250mg,Tablet,Urso 250,Gallstones,False,False,25.0,,0.8333,,$25 for up to 30 tablets,Rx Outreach,nonprofit_mail_order,True
Ursodiol Tablet,500mg,Tablet,Urso Forte,Gallstones,False,False,30.0,,1.0,,$30 for up to 30 tablets,Rx Outreach,nonprofit_mail_order,True
Valacyclovir HCl Tablet,1gm,Tablet,Valtrex,Antiviral / Cold Sores / Shingles / Herpes,False,False,25.0,50.0,0.8333,,$25 for up to 30 tablets$50 for up to 90 tablets,Rx Outreach,nonprofit_mail_order,True
Valacyclovir HCl Tablet,500mg,Tablet,Valtrex,Antiviral / Cold Sores / Shingles / Herpes,False,False,20.0,30.0,0.6667,,$20 for up to 30 tablets$30 for up to 90 tablets,Rx Outreach,nonprofit_mail_order,True
Valganciclovir Tablet,450mg,Tablet,Valcyte,Antiviral,False,False,47.5,,1.5833,,$95 for up to 60 tablets,Rx Outreach,nonprofit_mail_order,True
Valproic Acid Capsule,250mg,Capsule,Depakene | Stavzor,Seizures / Epilepsy / Bipolar Disorder,False,False,,25.0,,,$25 for up to 90 capsules$11 for up to each additional 90 capsules,Rx Outreach,nonprofit_mail_order,True
Valsartan Tablet,160mg,Tablet,Diovan,Blood Pressure / Heart / Cardiovascular,False,False,15.0,25.0,0.5,,$15 for up to 30 tablets$25 for up to 90 tablets,Rx Outreach,nonprofit_mail_order,True
Valsartan Tablet,320mg,Tablet,Diovan,Blood Pressure / Heart / Cardiovascular,False,False,15.0,25.0,0.5,,$15 for up to 30 tablets$25 for up to 90 tablets,Rx Outreach,nonprofit_mail_order,True
Valsartan Tablet,40mg,Tablet,Diovan,Blood Pressure / Heart / Cardiovascular,False,False,15.0,25.0,0.5,,$15 for up to 30 tablets$25 for up to 90 tablets,Rx Outreach,nonprofit_mail_order,True
Valsartan Tablet,80mg,Tablet,Diovan,Blood Pressure / Heart / Cardiovascular,False,False,15.0,25.0,0.5,,$15 for up to 30 tablets$25 for up to 90 tablets,Rx Outreach,nonprofit_mail_order,True
Valsartan/HCTZ Tablet,160/12.5mg,Tablet,Diovan HCT,Blood Pressure / Fluid Retention / Cardiovascular,False,False,16.0,25.0,0.5333,$16 for 30 days$25 for 90 days,,Rx Outreach,nonprofit_mail_order,True
Valsartan/HCTZ Tablet,160/25mg,Tablet,Diovan HCT,Blood Pressure / Fluid Retention / Cardiovascular,False,False,16.0,25.0,0.5333,$16 for 30 days$25 for 90 days,,Rx Outreach,nonprofit_mail_order,True
Valsartan/HCTZ Tablet,320/12.5mg,Tablet,Diovan HCT,Blood Pressure / Fluid Retention / Cardiovascular,False,False,16.0,25.0,0.5333,$16 for 30 days$25 for 90 days,,Rx Outreach,nonprofit_mail_order,True
Valsartan/HCTZ Tablet,320/25mg,Tablet,Diovan HCT,Blood Pressure / Fluid Retention / Cardiovascular,False,False,16.0,25.0,0.5333,$16 for 30 days$25 for 90 days,,Rx Outreach,nonprofit_mail_order,True
Valsartan/HCTZ Tablet,80/12.5mg,Tablet,Diovan HCT,Blood Pressure / Fluid Retention / Cardiovascular,False,False,16.0,25.0,0.5333,$16 for 30 days$25 for 90 days,,Rx Outreach,nonprofit_mail_order,True
Vardenafil Tablet,20mg,Tablet,Levitra,Men's Health / Erectile Dysfunction,False,False,65.0,,2.1667,,$65 for up to 30 tablets,Rx Outreach,nonprofit_mail_order,True
Venlafaxine ER Capsule,150mg,Capsule,Effexor XR,Mental Health / Depression,False,False,19.0,45.0,0.6333,$19 for 30 days$45 for 90 days,,Rx Outreach,nonprofit_mail_order,True
Venlafaxine ER Capsule,37.5mg,Capsule,Effexor XR,Mental Health / Depression,False,False,12.0,15.0,0.4,$12 for 30 days$15 for 90 days,,Rx Outreach,nonprofit_mail_order,True
Venlafaxine ER Capsule,75mg,Capsule,Effexor XR,Mental Health / Depression,False,False,19.0,45.0,0.6333,$19 for 30 days$45 for 90 days,,Rx Outreach,nonprofit_mail_order,True
Venlafaxine Tablet,100mg,Tablet,Effexor,Mental Health / Depression,False,False,12.0,15.0,0.4,$12 for 30 days$15 for 90 days,,Rx Outreach,nonprofit_mail_order,True
Venlafaxine Tablet,37.5mg,Tablet,Effexor,Mental Health / Depression,False,False,12.0,15.0,0.4,$12 for 30 days$15 for 90 days,,Rx Outreach,nonprofit_mail_order,True
Venlafaxine Tablet,50mg,Tablet,Effexor,Mental Health / Depression,False,False,12.0,15.0,0.4,$12 for 30 days$15 for 90 days,,Rx Outreach,nonprofit_mail_order,True
Venlafaxine Tablet,75mg,Tablet,Effexor,Mental Health / Depression,False,False,12.0,15.0,0.4,$12 for 30 days$15 for 90 days,,Rx Outreach,nonprofit_mail_order,True
Verapamil ER Capsule,120mg,Capsule,Verelan,Blood Pressure / Heart / Cardiovascular,False,False,60.0,160.0,2.0,,$60 for up to 30 capsules$50 for up to each additional 30 capsules,Rx Outreach,nonprofit_mail_order,True
Verapamil ER Capsule,180mg,Capsule,Verelan,Blood Pressure / Heart / Cardiovascular,False,False,70.0,190.0,2.3333,,$70 for up to 30 capsules$60 for up to each additional 30 capsules,Rx Outreach,nonprofit_mail_order,True
Verapamil ER Capsule,240mg,Capsule,Verelan,Blood Pressure / Heart / Cardiovascular,False,False,70.0,190.0,2.3333,,$70 for up to 30 capsules$60 for up to each additional 30 capsules,Rx Outreach,nonprofit_mail_order,True
Verapamil SR Tablet,120mg,Tablet,Calan-SR | Isoptin-SR,Blood Pressure / Heart / Cardiovascular,False,False,12.0,25.0,0.4,$12 for 30 days$25 for 90 days,,Rx Outreach,nonprofit_mail_order,True
Verapamil SR Tablet,180mg,Tablet,Calan-SR | Isoptin-SR,Blood Pressure / Heart / Cardiovascular,False,False,12.0,25.0,0.4,$12 for 30 days$25 for 90 days,,Rx Outreach,nonprofit_mail_order,True
Verapamil SR Tablet,240mg,Tablet,Calan-SR | Isoptin-SR,Blood Pressure / Heart / Cardiovascular,False,False,12.0,25.0,0.4,$12 for 30 days$25 for 90 days,,Rx Outreach,nonprofit_mail_order,True
Verapamil Tablet,120mg,Tablet,Calan,Blood Pressure / Heart / Cardiovascular,False,False,8.0,12.0,0.2667,,$8 for up to 30 tablets$12 for up to 90 tablets,Rx Outreach,nonprofit_mail_order,True
Verapamil Tablet,40mg,Tablet,Calan,Blood Pressure / Heart / Cardiovascular,False,False,8.0,12.0,0.2667,,$8 for up to 30 tablets$12 for up to 90 tablets,Rx Outreach,nonprofit_mail_order,True
Verapamil Tablet,80mg,Tablet,Calan,Blood Pressure / Heart / Cardiovascular,False,False,8.0,12.0,0.2667,,$8 for up to 30 tablets$12 for up to 90 tablets,Rx Outreach,nonprofit_mail_order,True
Vilazodone Tablet,10mg,Tablet,Viibryd,Mental Health / Depression,False,False,20.0,40.0,0.6667,,$20 for up to 30 tablets$40 for up to 90 tablets,Rx Outreach,nonprofit_mail_order,True
Vilazodone Tablet,20mg,Tablet,Viibryd,Mental Health / Depression,False,False,20.0,40.0,0.6667,,$20 for up to 30 tablets$40 for up to 90 tablets,Rx Outreach,nonprofit_mail_order,True
Vilazodone Tablet,40mg,Tablet,Viibryd,Mental Health / Depression,False,False,20.0,40.0,0.6667,,$20 for up to 30 tablets$40 for up to 90 tablets,Rx Outreach,nonprofit_mail_order,True
Vitamin B-1 Tablet  (Thiamine),100mg,Tablet,,Vitamins / Minerals,False,True,11.0,,0.3667,,$11 per bottle of 100 tablets,Rx Outreach,nonprofit_mail_order,True
Vitamin B-6 Tablet,50mg (no prescription required),Tablet,,Vitamins / Minerals,False,True,11.0,,0.3667,,$11 for a bottle of 100,Rx Outreach,nonprofit_mail_order,True
Vitamin D2 Capsule,50000 IU (1.25mg),Capsule,Ergocalciferol | Drisdol,Low Phosphate / Parathyroid,False,False,9.0,,0.3,,$9 for up to 12 capsules,Rx Outreach,nonprofit_mail_order,True
Vitamin D3 Capsule,50000 IU (no prescription required),Capsule,Cholecalciferol,Vitamins / Minerals,False,True,15.0,,0.5,,$15 for a bottle of 12 capsules,Rx Outreach,nonprofit_mail_order,True
Vitamin D3 Tablet,400 IU (no prescription required),Tablet,Cholecalciferol,Vitamins / Minerals,False,True,11.0,,0.3667,,$11 for a bottle of 100,Rx Outreach,nonprofit_mail_order,True
Voriconazole Tablet,200mg,Tablet,Vfend,Antifungal,False,False,30.0,,1.0,,$30 for up to 30 tablets,Rx Outreach,nonprofit_mail_order,True
Voriconazole Tablet,50mg,Tablet,Vfend,Antifungal,False,False,21.0,,0.7,,$21 for up to 30 tablets,Rx Outreach,nonprofit_mail_order,True
Warfarin Tablet,10mg,Tablet,Coumadin | Jantoven,Blood Thinner / Heart / Cardiovascular,False,False,12.0,25.0,0.4,$12 for 30 days$25 for 90 days,,Rx Outreach,nonprofit_mail_order,True
Warfarin Tablet,1mg,Tablet,Coumadin | Jantoven,Blood Thinner / Heart / Cardiovascular,False,False,12.0,25.0,0.4,$12 for 30 days$25 for 90 days,,Rx Outreach,nonprofit_mail_order,True
Warfarin Tablet,2.5mg,Tablet,Coumadin | Jantoven,Blood Thinner / Heart / Cardiovascular,False,False,12.0,25.0,0.4,$12 for 30 days$25 for 90 days,,Rx Outreach,nonprofit_mail_order,True
Warfarin Tablet,2mg,Tablet,Coumadin | Jantoven,Blood Thinner / Heart / Cardiovascular,False,False,12.0,25.0,0.4,$12 for 30 days$25 for 90 days,,Rx Outreach,nonprofit_mail_order,True
Warfarin Tablet,3mg,Tablet,Coumadin | Jantoven,Blood Thinner / Heart / Cardiovascular,False,False,12.0,25.0,0.4,$12 for 30 days$25 for 90 days,,Rx Outreach,nonprofit_mail_order,True
Warfarin Tablet,4mg,Tablet,Coumadin | Jantoven,Blood Thinner / Heart / Cardiovascular,False,False,12.0,25.0,0.4,$12 for 30 days$25 for 90 days,,Rx Outreach,nonprofit_mail_order,True
Warfarin Tablet,5mg,Tablet,Coumadin | Jantoven,Blood Thinner / Heart / Cardiovascular,False,False,12.0,25.0,0.4,$12 for 30 days$25 for 90 days,,Rx Outreach,nonprofit_mail_order,True
Warfarin Tablet,6mg,Tablet,Coumadin | Jantoven,Blood Thinner / Heart / Cardiovascular,False,False,12.0,25.0,0.4,$12 for 30 days$25 for 90 days,,Rx Outreach,nonprofit_mail_order,True
Warfarin Tablet,7.5mg,Tablet,Coumadin | Jantoven,Blood Thinner / Heart / Cardiovascular,False,False,12.0,25.0,0.4,$12 for 30 days$25 for 90 days,,Rx Outreach,nonprofit_mail_order,True
Zafirlukast Tablet,10mg,Tablet,Accolate,Asthma,False,False,15.0,,0.5,,$30 for 60 tablets,Rx Outreach,nonprofit_mail_order,True
Zafirlukast Tablet,20mg,Tablet,Accolate,Asthma,False,False,15.0,,0.5,,$30 for 60 tablets,Rx Outreach,nonprofit_mail_order,True
Zaleplon Capsule,10mg,Capsule,Sonata,Insomnia,True,False,16.0,35.0,0.5333,,$16 for up to 30 capsules$35 for up to 90 capsules,Rx Outreach,nonprofit_mail_order,True
Zaleplon Capsule,5mg,Capsule,Sonata,Insomnia,True,False,16.0,35.0,0.5333,,$16 for up to 30 capsules$35 for up to 90 capsules,Rx Outreach,nonprofit_mail_order,True
Zidovudine Tablet,300mg,Tablet,AZT | Retrovir,Antiviral / HIV,False,False,12.5,,0.4167,,$25 for up to 60 tablets,Rx Outreach,nonprofit_mail_order,True
Ziprasidone Capsule,20mg,Capsule,Geodon,Mental Health / Schizophrenia / Bipolar Disorder,False,False,15.0,25.0,0.5,,$15 for up to 30 capsules$5 for up to each additional 30 capsules,Rx Outreach,nonprofit_mail_order,True
Ziprasidone Capsule,40mg,Capsule,Geodon,Mental Health / Schizophrenia / Bipolar Disorder,False,False,15.0,25.0,0.5,,$15 for up to 30 capsules$5 for up to each additional 30 capsules,Rx Outreach,nonprofit_mail_order,True
Ziprasidone Capsule,60mg,Capsule,Geodon,Mental Health / Schizophrenia / Bipolar Disorder,False,False,15.0,25.0,0.5,,$15 for up to 30 capsules$5 for up to each additional 30 capsules,Rx Outreach,nonprofit_mail_order,True
Ziprasidone Capsule,80mg,Capsule,Geodon,Mental Health / Schizophrenia / Bipolar Disorder,False,False,15.0,25.0,0.5,,$15 for up to 30 capsules$5 for up to each additional 30 capsules,Rx Outreach,nonprofit_mail_order,True
Zolmitriptan ODT Tablet,2.5mg,Tablet,Zomig,Nausea,False,False,40.0,,1.3333,,$40 for up to 18 tablets,Rx Outreach,nonprofit_mail_order,True
Zolmitriptan ODT Tablet,5mg,Tablet,Zomig,Nausea,False,False,25.0,,0.8333,,$25 for up to 9 tablets,Rx Outreach,nonprofit_mail_order,True
Zolpidem ER Tablet,12.5mg,Tablet,Ambien CR,Insomnia,True,False,29.0,40.0,0.9667,,$29 for up to 30 tablets$40 for up to 90 tablets,Rx Outreach,nonprofit_mail_order,True
Zolpidem ER Tablet,6.25mg,Tablet,Ambien CR,Insomnia,True,False,29.0,40.0,0.9667,,$29 for up to 30 tablets$40 for up to 90 tablets,Rx Outreach,nonprofit_mail_order,True
Zolpidem Tablet,10mg,Tablet,Ambien,Insomnia,True,False,14.0,30.0,0.4667,$14 for 30 days$30 for 90 days,,Rx Outreach,nonprofit_mail_order,True
Zolpidem Tablet,5mg,Tablet,Ambien,Insomnia,True,False,14.0,30.0,0.4667,$14 for 30 days$30 for 90 days,,Rx Outreach,nonprofit_mail_order,True
Zonegran® Capsule,100mg,Capsule,Zonisamide,Seizures / Epilepsy,False,False,,75.0,,,$75 for up to 90 capsules$36 for up to each additional 90 capsulesNew Patients – A letter of necessity from your provider is required.,Rx Outreach,nonprofit_mail_order,True
Zonegran® Capsule,25mg,Capsule,Zonisamide,Seizures / Epilepsy,False,False,,75.0,,,$75 for up to 90 capsules$36 for up to each additional 90 capsulesNew Patients – A letter of necessity from your provider is required.,Rx Outreach,nonprofit_mail_order,True
Zonisamide Capsule,100mg,Capsule,Zonegran,Seizures / Epilepsy,False,False,,18.0,,,$18 for up to 90 capsules,Rx Outreach,nonprofit_mail_order,True
Zonisamide Capsule,50mg,Capsule,Zonegran,Seizures / Epilepsy,False,False,,18.0,,,$18 for up to 90 capsules,Rx Outreach,nonprofit_mail_order,True
